"SEC release:  BEMIS CO INC receives SEC comment letter (UPLOAD) - filed Sep 19, 2013 (BMS-US)","BMS-US,BMS","EDG"," 5:32am","21-Nov-13"
"SEC release:  BEMIS CO INC replies to SEC correspondence (CORRESP) - filed Sep 27, 2013 (BMS-US)","BMS-US,BMS","EDG"," 5:32am","21-Nov-13"
"SEC release:  BEMIS CO INC receives SEC comment letter (UPLOAD) - filed Oct 23, 2013 (BMS-US)","BMS-US,BMS","EDG"," 5:32am","21-Nov-13"
"Ownership Updates: BEMIS CO INC  COM (BMS) for 21-Nov-2013","BMS-US,08143710","FIO"," 1:20am","21-Nov-13"
"Ownership Updates: BEMIS CO INC  COM (BMS) for 20-Nov-2013","BMS-US,08143710","FIO"," 1:30am","20-Nov-13"
"Dir PERRY Sells 1,345 of BEMIS CO INC (BMS)","BMS-US,BMS","EDG"," 9:18am","19-Nov-13"
"Bemis Co., Inc.(BMS-US) Schedules Q4 2013 Earnings Release for 30-January-2014","BMS-US","FCST"," 3:44am","19-Nov-13"
"Ownership Updates: BEMIS CO INC  COM (BMS) for 19-Nov-2013","BMS-US,08143710","FIO"," 1:40am","19-Nov-13"
"Bemis Co., Inc.(BMS-US) Schedules Q4 2013 Earnings Call for 30-January-2014 1:00 PM ET","BMS-US","FCST"," 2:26pm","18-Nov-13"
"BEMIS CO INC files (8-K) Current report: Item 5.02 - Changes in Exec Management, for period end 8-Nov-13 (BMS-US)","BMS-US,BMS","EDG"," 9:08am","14-Nov-13"
"Bemis CFO Scott Ullem resigns","BMS-US","SA"," 6:03am","14-Nov-13"
"Bemis Company Vice President and Chief Financial Officer Resigns","BMS-US,BMS","BW"," 6:00am","14-Nov-13"
"Ownership Updates: BEMIS CO INC  COM (BMS) for 14-Nov-2013","BMS-US,08143710","FIO"," 1:30am","14-Nov-13"
"BEMIS CO INC files (8-K) Current report: Item 5.02 - Changes in Exec Management, for period end 7-Nov-13 (BMS-US)","BMS-US,BMS","EDG"," 6:53am","13-Nov-13"
"Ownership Updates: BEMIS CO INC  COM (BMS) for 13-Nov-2013","BMS-US,08143710","FIO"," 1:30am","13-Nov-13"
"Bemis names William Austen EVP and COO","BMS-US","SA"," 1:47pm","11-Nov-13"
"Bemis Company Board Elects William F. Austen Executive Vice President and Chief Operating Officer","BMS-US,BMS","BW"," 1:46pm","11-Nov-13"
"Bemis Company Declares Regular Quarterly Dividend","BMS-US,BMS","BW"," 1:00pm","7-Nov-13"
"Dir BOLTON Sells 8,941 of BEMIS CO INC (BMS)","BMS-US,BMS","EDG"," 7:41am","4-Nov-13"
"BEMIS CO INC files (10-Q) Basic quarterly filing, for period end 30-Sep-13 (BMS-US)","BMS-US,BMS","EDG"," 6:49am","1-Nov-13"
"Bemis Co Inc: 10-Q FactSet Blackline Report for period ending 09/30/2013","BMS-US","FBLK"," 6:49am","1-Nov-13"
"CALLSTREET REPORT: Bemis Co., Inc.(BMS-US), Q3 2013 Earnings Call, 24-October-2013 10:00 AM ET","BMS-US","FCST"," 3:36pm","24-Oct-13"
"Bemis Co., Inc. (BMS-US) - Preliminary Interim Report for the Period Ending 30-Sep-2013 (English)","BMS-US","FFR","11:17am","24-Oct-13"
"BEMIS CO INC files (8-K) Current report: Items 2.02 - Results of Operations, 9.01 - Financial Statements and Exhibits, for period end 24-Oct-13 (BMS-US)","BMS-US,BMS","EDG"," 5:50am","24-Oct-13"
"Bemis reports Q3 EPS $0.60 ex-items vs FactSet $0.60","BMS-US","SA"," 4:04am","24-Oct-13"
"Bemis Company Reports 2013 Third Quarter Results","BMS-US,BMS","BW"," 4:00am","24-Oct-13"
"Ownership Updates: BEMIS CO INC  COM (BMS) for 19-Oct-2013","BMS-US,08143710","FIO"," 1:30am","19-Oct-13"
"Dir MANGANELLO Acquires 109 of BEMIS CO INC (BMS)","BMS-US,BMS","EDG"," 8:14am","17-Oct-13"
"Dir MANGANELLO Acquires 686 of BEMIS CO INC (BMS)","BMS-US,BMS","EDG"," 8:32am","16-Oct-13"
"Dir MANSFIELD Acquires 556 of BEMIS CO INC (BMS)","BMS-US,BMS","EDG"," 8:12am","16-Oct-13"
"Bemis Co., Inc.(BMS-US) Schedules Q3 2013 Earnings Call for 24-October-2013 10:00 AM ET","BMS-US","FCST"," 9:32am","9-Oct-13"
"Bemis Co., Inc.(BMS-US) Schedules Q3 2013 Earnings Release for 24-October-2013 Before Market Open ET","BMS-US","FCST"," 9:32am","9-Oct-13"
"CFO ULLEM Acquires 13,520 of BEMIS CO INC (BMS)","BMS-US,BMS","EDG","12:52pm","8-Oct-13"
"BEMIS CO INC files (8-K) Current report: Items 5.02 - Changes in Exec Management, 8.01 - Other Events, for period end 24-Sep-13 (BMS-US)","BMS-US,BMS","EDG","12:45pm","27-Sep-13"
"Ownership Updates: BEMIS CO INC  COM (BMS) for 17-Sep-2013","BMS-US,08143710","FIO"," 2:20am","17-Sep-13"
"Ownership Updates: BEMIS CO INC  COM (BMS) for  6-Sep-2013","BMS-US,08143710","FIO"," 2:10am","6-Sep-13"
"Bemis enters amended credit agreement - 8K","BMS-US","SA"," 9:02am","16-Aug-13"
"BEMIS CO INC files (8-K) Current report: Items 1.01 - Entry into Definitive Agreement, 9.01 - Financial Statements and Exhibits, for period end 12-Aug-13 (BMS-US)","BMS-US,BMS","EDG"," 9:00am","16-Aug-13"
"Bank of America Merrill Lynch upgrades AVY; downgrades BMS","AVY-US,BMS-US","SA"," 4:15am","16-Aug-13"
"Ownership Updates: BEMIS CO INC  COM (BMS) for 15-Aug-2013","BMS-US,08143710","FIO"," 2:30am","15-Aug-13"
"Ownership Updates: BEMIS CO INC  COM (BMS) for 14-Aug-2013","BMS-US,08143710","FIO"," 3:00am","14-Aug-13"
"Ownership Updates: BEMIS CO INC  COM (BMS) for  9-Aug-2013","BMS-US,08143710","FIO"," 2:11am","9-Aug-13"
"Ownership Updates: BEMIS CO INC  COM (BMS) for  7-Aug-2013","BMS-US,08143710","FIO"," 2:11am","7-Aug-13"
"Ownership Updates: BEMIS CO INC  COM (BMS) for  6-Aug-2013","BMS-US,08143710","FIO"," 8:34am","6-Aug-13"
"BEMIS CO INC files (10-Q) Basic quarterly filing, for period end 30-Jun-13 (BMS-US)","BMS-US,BMS","EDG"," 6:22am","2-Aug-13"
"BEMIS CO INC: 10-Q FactSet Blackline Report for period ending 6/30/2013","BMS-US","FBLK"," 6:22am","2-Aug-13"
"Bemis Co., Inc. (BMS-US) - Preliminary Interim Report for the Period Ending 30-Jun-2013 (English)","BMS-US","FFR"," 6:00am","2-Aug-13"
"Dir BOLTON Sells 5,000 of BEMIS CO INC (BMS)","BMS-US,BMS","EDG"," 1:24pm","1-Aug-13"
"Bemis chairman William Bolton to be succeeded by current president, CEO Henry Theisen, effective immeidately","BMS-US","SA"," 1:17pm","1-Aug-13"
"Bemis Company Declares Regular Quarterly Dividend and Announces New Chairman of the Board of Directors","BMS-US,BMS","BW"," 1:00pm","1-Aug-13"
"CALLSTREET REPORT: Bemis Co., Inc.(BMS-US), Q2 2013 Earnings Call, 25-July-2013 10:00 AM ET","BMS-US","FCST","11:50am","25-Jul-13"
"BEMIS CO INC files (8-K) Current report: Items 2.02 - Results of Operations, 9.01 - Financial Statements and Exhibits, for period end 25-Jul-13 (BMS-US)","BMS-US,BMS","EDG"," 5:49am","25-Jul-13"
"Bemis reports Q2 adjusted EPS $0.61 vs FactSet $0.59","BMS-US","SA"," 4:10am","25-Jul-13"
"Bemis Company Reports 2013 Second Quarter Results","BMS-US,BMS","BW"," 4:00am","25-Jul-13"
"Dir MANSFIELD Acquires 517 of BEMIS CO INC (BMS)","BMS-US,BMS","EDG"," 8:11am","16-Jul-13"
"Dir MANGANELLO Acquires 638 of BEMIS CO INC (BMS)","BMS-US,BMS","EDG"," 7:57am","16-Jul-13"
"Ownership Updates: BEMIS CO INC  COM (BMS) for  9-Jul-2013","BMS-US,08143710","FIO"," 1:50am","9-Jul-13"
"Bemis Co., Inc.(BMS-US) Schedules Q2 2013 Earnings Call for 25-July-2013 10:00 AM ET","BMS-US","FCST"," 3:56pm","8-Jul-13"
"Bemis Co., Inc.(BMS-US) Schedules Q2 2013 Earnings Release for 25-July-2013 Before Market Open ET","BMS-US","FCST"," 3:50pm","8-Jul-13"
"Bemis downgraded to hold from buy at KeyBanc","BMS-US","SA"," 4:28am","8-Jul-13"
"Bemis announces acquisition of Foshan New Changsheng Plastic Films Co.","BMS-US","SA"," 5:02am","1-Jul-13"
"Bemis Company Acquires China-Based Specialty Film Platform","BMS-US,BMS","BW"," 5:00am","1-Jul-13"
"Ownership Updates: BEMIS CO INC  COM (BMS) for 28-Jun-2013","BMS-US,08143710","FIO"," 1:40am","28-Jun-13"
"Dir PERRY Updates Ownership of BEMIS CO INC (BMS)","BMS-US,BMS","EDG"," 2:48pm","13-Jun-13"
"Bemis Co., Inc.(BMS-US) Schedules Deutsche Bank Global Industrials and Basic Materials Conference for 12-June-2013 2:35 PM ET","BMS-US","FCST"," 9:46am","4-Jun-13"
"Bemis Co., Inc.(BMS-US) Schedules J.P. Morgan Diversified Industries Conference for 4-June-2013 2:00 PM ET","BMS-US","FCST","12:20pm","28-May-13"
"Ownership Updates: BEMIS CO INC  COM (BMS) for 23-May-2013","BMS-US,08143710","FIO"," 1:40am","23-May-13"
"Ownership Updates: BEMIS CO INC  COM (BMS) for 22-May-2013","BMS-US,08143710","FIO"," 1:40am","22-May-13"
"Ownership Updates: BEMIS CO INC  COM (BMS) for 16-May-2013","BMS-US,08143710","FIO"," 4:10am","16-May-13"
"Ownership Updates: BEMIS CO INC  COM (BMS) for 15-May-2013","BMS-US,08143710","FIO"," 2:50am","15-May-13"
"VP AUSTEN Updates Ownership of BEMIS CO INC (BMS)","BMS-US,BMS","EDG","11:48am","9-May-13"
"Ownership Updates: BEMIS CO INC  COM (BMS) for  9-May-2013","BMS-US,08143710","FIO"," 2:30am","9-May-13"
"Ownership Updates: BEMIS CO INC  COM (BMS) for  7-May-2013","BMS-US,08143710","FIO"," 4:10am","7-May-13"
"BEMIS CO INC files (10-Q) Basic quarterly filing, for period end 31-Mar-13 (BMS-US)","BMS-US,BMS","EDG"," 1:36pm","6-May-13"
"BEMIS CO INC: 10-Q FactSet Blackline Report for period ending 3/31/2013","BMS-US","FBLK"," 1:36pm","6-May-13"
"BEMIS CO INC files (8-K) Current report: Item 5.07 - Submission of Matters to a Vote, for period end 2-May-13 (BMS-US)","BMS-US,BMS","EDG"," 2:30pm","3-May-13"
"Dir WEAVER Acquires 2,297 of BEMIS CO INC (BMS)","BMS-US,BMS","EDG"," 1:43pm","3-May-13"
"Dir VAN Acquires 2,297 of BEMIS CO INC (BMS)","BMS-US,BMS","EDG"," 1:37pm","3-May-13"
"Dir SZCZUPAK Acquires 1,149 of BEMIS CO INC (BMS)","BMS-US,BMS","EDG"," 1:31pm","3-May-13"
"Dir PERRY Acquires 2,297 of BEMIS CO INC (BMS)","BMS-US,BMS","EDG"," 1:24pm","3-May-13"
"Dir PEERCY Acquires 2,297 of BEMIS CO INC (BMS)","BMS-US,BMS","EDG"," 1:14pm","3-May-13"
"Dir O Acquires 2,297 of BEMIS CO INC (BMS)","BMS-US,BMS","EDG"," 1:00pm","3-May-13"
"Dir MANSFIELD Acquires 2,297 of BEMIS CO INC (BMS)","BMS-US,BMS","EDG","12:54pm","3-May-13"
"Dir MANGANELLO Acquires 2,297 of BEMIS CO INC (BMS)","BMS-US,BMS","EDG","12:48pm","3-May-13"
"Dir JOHNSON Acquires 2,297 of BEMIS CO INC (BMS)","BMS-US,BMS","EDG","12:38pm","3-May-13"
"Dir HAFFNER Acquires 2,297 of BEMIS CO INC (BMS)","BMS-US,BMS","EDG","12:30pm","3-May-13"
"Dir FLOTO Acquires 2,297 of BEMIS CO INC (BMS)","BMS-US,BMS","EDG","12:19pm","3-May-13"
"Dir BOLTON Acquires 5,104 of BEMIS CO INC (BMS)","BMS-US,BMS","EDG","12:05pm","3-May-13"
"Bemis Company Declares Regular Quarterly Dividend","BMS-US,BMS","BW"," 5:44am","2-May-13"
"Ownership Updates: BEMIS CO INC  COM (BMS) for 26-Apr-2013","BMS-US,08143710","FIO"," 5:20am","26-Apr-13"
"CALLSTREET REPORT: Bemis Co., Inc.(BMS-US), Q1 2013 Earnings Call, 25-April-2013 10:00 AM ET","BMS-US","FCST"," 2:38pm","25-Apr-13"
"Bemis Co., Inc. (BMS-US) - Preliminary Interim Report for the Period Ending 31-Mar-2013 (English)","BMS-US","FFR","12:26pm","25-Apr-13"
"BEMIS CO INC files (8-K) Current report: Items 2.02 - Results of Operations, 9.01 - Financial Statements and Exhibits, for period end 25-Apr-13 (BMS-US)","BMS-US,BMS","EDG"," 4:59am","25-Apr-13"
"Bemis reports Q1 EPS $0.53 ex-items vs FactSet $0.54","BMS-US","SA"," 4:02am","25-Apr-13"
"Bemis Company Reports 2013 First Quarter Results","BMS-US,BMS","BW"," 4:00am","25-Apr-13"
"Bemis Co., Inc.(BMS-US) Schedules Wells Fargo Securities Industrial and Construction Conference for 9-May-2013 1:35 PM ET","BMS-US","FCST"," 8:02am","23-Apr-13"
"Ownership Updates: BEMIS CO INC  COM (BMS) for 19-Apr-2013","BMS-US,08143710","FIO"," 1:40am","19-Apr-13"
"Ownership Updates: BEMIS CO INC  COM (BMS) for 18-Apr-2013","BMS-US,08143710","FIO"," 1:40am","18-Apr-13"
"Dir O Acquires 541 of BEMIS CO INC (BMS)","BMS-US,BMS","EDG"," 9:04am","16-Apr-13"
"Dir MANSFIELD Acquires 541 of BEMIS CO INC (BMS)","BMS-US,BMS","EDG"," 8:55am","16-Apr-13"
"Dir MANGANELLO Acquires 541 of BEMIS CO INC (BMS)","BMS-US,BMS","EDG"," 8:40am","16-Apr-13"
"Ownership Updates: BEMIS CO INC  COM (BMS) for 12-Apr-2013","BMS-US,08143710","FIO"," 1:40am","12-Apr-13"
"BEMIS CO INC files (SC 13G/A) Acquisition of beneficial ownership of 5% or more (Amended) (BMS-US)","BMS-US,BMS","EDG"," 7:08am","10-Apr-13"
"Bemis Co., Inc.(BMS-US) Schedules Q1 2013 Earnings Call for 25-April-2013 10:00 AM ET","BMS-US","FCST"," 8:52am","5-Apr-13"
"Bemis Co., Inc.(BMS-US) Schedules Q1 2013 Earnings Release for 25-April-2013 Before Market Open ET","BMS-US","FCST"," 8:52am","5-Apr-13"
"Bemis Co., Inc.(BMS-US) Schedules Annual General Meeting for 2-May-2013 10:00 AM ET","BMS-US","FCST"," 4:12am","3-Apr-13"
"Bemis Co., Inc. (BMS-US) - Annual Report for the Period Ending 31-Dec-2012 (English)","BMS-US","FFR"," 1:10pm","1-Apr-13"
"BEMIS CO INC files (DEF 14A) Definitive proxy statements, for period end 19-Mar-13 (BMS-US)","BMS-US,BMS","EDG","12:15pm","19-Mar-13"
"CEO THEISEN Gifts 720 of BEMIS CO INC (BMS)","BMS-US,BMS","EDG","12:24pm","18-Mar-13"
"Bemis Co., Inc. (BMS-US) - Preliminary Annual Report for the Period Ending 31-Dec-2012 (English)","BMS-US","FFR"," 8:07pm","11-Mar-13"
"VP JACKSON Updates Ownership of BEMIS CO INC (BMS)","BMS-US,BMS","EDG","10:02am","6-Mar-13"
"Bemis Company Elects William Jackson as Vice President and Chief Technology Officer","BMS-US,BMS","BW"," 6:00am","6-Mar-13"
"VP JACKSON -Initial Statement of Ownership of BEMIS CO INC (BMS)","BMS-US,BMS","EDG","12:38pm","5-Mar-13"
"BEMIS CO INC: 10-K FactSet Blackline Report for period ending 12/31/2012","BMS-US","FBLK"," 8:36am","28-Feb-13"
"BEMIS CO INC files (10-K) Basic annual filing, for period end 31-Dec-12 (BMS-US)","BMS-US,BMS","EDG"," 8:35am","28-Feb-13"
"Dir BOLTON Sells 13,000 of BEMIS CO INC (BMS)","BMS-US,BMS","EDG"," 1:14pm","27-Feb-13"
"Ownership Updates: BEMIS CO INC  COM (BMS) for 15-Feb-2013","BMS-US,08143710","FIO"," 2:50am","15-Feb-13"
"Ownership Updates: BEMIS CO INC  COM (BMS) for 13-Feb-2013","BMS-US,08143710","FIO"," 2:00am","13-Feb-13"
"BEMIS CO INC files (SC 13G) Acquisition of beneficial ownership of 5% or more (BMS-US)","BMS-US,BMS","EDG","10:54am","11-Feb-13"
"BEMIS CO INC files (SC 13G/A) Acquisition of beneficial ownership of 5% or more (Amended) (BMS-US)","BMS-US,BMS","EDG"," 9:52am","11-Feb-13"
"CFO ULLEM Acquires 5,110 of BEMIS CO INC (BMS)","BMS-US,BMS","EDG","12:28pm","8-Feb-13"
"CEO THEISEN Acquires 12,772 of BEMIS CO INC (BMS)","BMS-US,BMS","EDG","12:26pm","8-Feb-13"
"VP RANSOM Acquires 3,025 of BEMIS CO INC (BMS)","BMS-US,BMS","EDG","12:24pm","8-Feb-13"
"VP MILLER Acquires 1,980 of BEMIS CO INC (BMS)","BMS-US,BMS","EDG","12:23pm","8-Feb-13"
"VP FLISS Acquires 2,017 of BEMIS CO INC (BMS)","BMS-US,BMS","EDG","12:21pm","8-Feb-13"
"VP AUSTEN Acquires 4,003 of BEMIS CO INC (BMS)","BMS-US,BMS","EDG","12:20pm","8-Feb-13"
"Bemis increases quarterly dividend by 4.0% to $0.26 from $0.25","BMS-US","SA"," 1:01pm","7-Feb-13"
"Bemis Company Announces 30th Consecutive Annual Dividend Increase","BMS-US,BMS","BW"," 1:00pm","7-Feb-13"
"CALLSTREET REPORT: Bemis Co., Inc.(BMS-US), Q4 2012 Earnings Call, 31-January-2013 10:00 AM ET","BMS-US","FCST"," 4:10pm","31-Jan-13"
"Bemis Co., Inc. (BMS-US) - Preliminary Annual Report for the Period Ending 31-Dec-2012 (English)","BMS-US","FFR"," 7:35am","31-Jan-13"
"BEMIS CO INC files (8-K) Current report: Items 2.02 - Results of Operations, 9.01 - Financial Statements and Exhibits, for period end 31-Jan-13 (BMS-US)","BMS-US,BMS","EDG"," 5:29am","31-Jan-13"
"StreetAccount Metric Recap - BMS Q4 Earnings","BMS-US","SA"," 4:20am","31-Jan-13"
"Bemis reports Q4 EPS $0.52 ex-items vs FactSet $0.50","BMS-US","SA"," 4:06am","31-Jan-13"
"Bemis Company Reports 2012 Fourth Quarter and Full Year Results","BMS-US,BMS","BW"," 4:00am","31-Jan-13"
"BEMIS CO INC files (SC 13G) Acquisition of beneficial ownership of 5% or more (BMS-US)","BMS-US,BMS","EDG","11:30am","30-Jan-13"
"StreetAccount Consensus Metrics Preview - BMS Q4 Earnings","BMS-US","SA","10:57am","30-Jan-13"
"Ownership Updates: BEMIS CO INC  COM (BMS) for 12-Jan-2013","BMS-US,08143710","FIO"," 1:20am","12-Jan-13"
"BEMIS CO INC files (8-K) Current report: Items 7.01 - Regulation FD, 9.01 - Financial Statements and Exhibits, for period end 10-Jan-13 (BMS-US)","BMS-US,BMS","EDG"," 1:03pm","10-Jan-13"
"Bemis Company Announces New Reportable Business Segments","BMS-US,BMS","BW"," 1:01pm","10-Jan-13"
"CEO THEISEN Acquires 37,911 of BEMIS CO INC (BMS)","BMS-US,BMS","EDG"," 1:55pm","4-Jan-13"
"VP FLISS Updates Ownership of BEMIS CO INC (BMS)","BMS-US,BMS","EDG"," 1:04pm","4-Jan-13"
"Officer EDISON Updates Ownership of BEMIS CO INC (BMS)","BMS-US,BMS","EDG"," 1:00pm","4-Jan-13"
"VP MILLER Acquires 6,039 of BEMIS CO INC (BMS)","BMS-US,BMS","EDG","11:42am","4-Jan-13"
"VP KREMPA Acquires 6,039 of BEMIS CO INC (BMS)","BMS-US,BMS","EDG","10:23am","4-Jan-13"
"CFO ULLEM Updates Ownership of BEMIS CO INC (BMS)","BMS-US,BMS","EDG","10:05am","4-Jan-13"
"VP RANSOM Acquires 19,860 of BEMIS CO INC (BMS)","BMS-US,BMS","EDG"," 9:52am","4-Jan-13"
"VP AUSTEN Acquires 16,562 of BEMIS CO INC (BMS)","BMS-US,BMS","EDG"," 9:10am","4-Jan-13"
"VP RANSOM Gifts 310 of BEMIS CO INC (BMS)","BMS-US,BMS","EDG"," 9:38am","18-Dec-12"
"BEMIS CO INC files (8-K) Current report: Items 5.03 - Amendments to Corporate Charters, 9.01 - Financial Statements and Exhibits, for period end 26-Nov-12 (BMS-US)","BMS-US,BMS","EDG","12:24pm","28-Nov-12"
"Ownership Updates: BEMIS CO INC  COM (BMS) for 23-Nov-2012","BMS-US,08143710","FIO","12:51am","23-Nov-12"
"Bemis Co., Inc.(BMS-US) Schedules Q4 2012 Earnings Release for 31-January-2013 Before Market Open ET","BMS-US","FCST"," 9:52am","21-Nov-12"
"Bemis Co., Inc.(BMS-US) Schedules Q4 2012 Earnings Call for 31-January-2013 10:00 AM ET","BMS-US","FCST"," 9:50am","21-Nov-12"
"Ownership Updates: BEMIS CO INC  COM (BMS) for 20-Nov-2012","BMS-US,08143710","FIO"," 1:04am","20-Nov-12"
"Ownership Updates: BEMIS CO INC  COM (BMS) for 15-Nov-2012","BMS-US,08143710","FIO"," 3:54am","15-Nov-12"
"Ownership Updates: BEMIS CO INC  COM (BMS) for 14-Nov-2012","BMS-US,08143710","FIO","12:51am","14-Nov-12"
"BEMIS CO INC files (10-Q) Basic quarterly filing, for period end 30-Sep-12 (BMS-US)","BMS-US,BMS","EDG"," 7:31am","9-Nov-12"
"BEMIS CO INC: 10-Q FactSet Blackline Report for period ending 9/30/2012","BMS-US","FBLK"," 7:31am","9-Nov-12"
"Dir SZCZUPAK -Initial Statement of Ownership of BEMIS CO INC (BMS)","BMS-US,BMS","EDG"," 9:44am","8-Nov-12"
"Dir PERRY Sells 12,930 of BEMIS CO INC (BMS)","BMS-US,BMS","EDG"," 8:57am","8-Nov-12"
"BEMIS CO INC files (8-K) Current report: Item 5.02 - Changes in Exec Management, for period end 1-Nov-12 (BMS-US)","BMS-US,BMS","EDG"," 1:10pm","5-Nov-12"
"Bemis Company Declares Regular Quarterly Dividend; Elects New Board Member","BMS-US,WHR-US","BW"," 1:01pm","1-Nov-12"
"Ownership Updates: BEMIS CO INC  COM (BMS) for 27-Oct-2012","BMS-US,08143710","FIO","12:52am","27-Oct-12"
"CALLSTREET REPORT: Bemis Co., Inc.(BMS-US), Q3 2012 Earnings Call, 25-October-2012 10:00 AM ET","BMS-US","FCST"," 9:08pm","25-Oct-12"
"BEMIS CO INC files (8-K) Current report: Items 2.02 - Results of Operations, 9.01 - Financial Statements and Exhibits, for period end 25-Oct-12 (BMS-US)","BMS-US,BMS","EDG"," 4:47am","25-Oct-12"
"StreetAccount Metric Recap - BMS Q3 Earnings","BMS-US","SA"," 4:41am","25-Oct-12"
"Bemis reports Q3 EPS $0.60 vs FactSet $0.54","BMS-US","SA"," 4:34am","25-Oct-12"
"Bemis Company Reports Record Results for Third Quarter 2012","BMS-US,BMS","BW"," 4:30am","25-Oct-12"
"StreetAccount Consensus Metrics Preview - BMS Q3 Earnings","BMS-US","SA","12:28pm","24-Oct-12"
"Dir PEERCY Acquires 894 of BEMIS CO INC (BMS)","BMS-US,BMS","EDG"," 9:58am","16-Oct-12"
"Dir O Acquires 894 of BEMIS CO INC (BMS)","BMS-US,BMS","EDG"," 9:48am","16-Oct-12"
"Dir MANSFIELD Acquires 894 of BEMIS CO INC (BMS)","BMS-US,BMS","EDG"," 9:40am","16-Oct-12"
"Dir MANGANELLO Acquires 894 of BEMIS CO INC (BMS)","BMS-US,BMS","EDG"," 9:31am","16-Oct-12"
"Dir FLOTO Acquires 894 of BEMIS CO INC (BMS)","BMS-US,BMS","EDG"," 9:13am","16-Oct-12"
"Ownership Updates: BEMIS CO INC  COM (BMS) for 16-Oct-2012","BMS-US,08143710","FIO","12:41am","16-Oct-12"
"Ownership Updates: BEMIS CO INC  COM (BMS) for 28-Sep-2012","BMS-US,08143710","FIO","12:31am","28-Sep-12"
"Bemis Co., Inc.(BMS-US) Schedules Q3 2012 Earnings Call for 25-October-2012 10:00 AM ET","BMS-US","FCST"," 7:30am","24-Sep-12"
"Bemis Co., Inc.(BMS-US) Schedules Q3 2012 Earnings Release for 25-October-2012 Before Market Open ET","BMS-US","FCST"," 7:26am","24-Sep-12"
"Ownership Updates: BEMIS CO INC  COM (BMS) for 12-Sep-2012","BMS-US,08143710","FIO","12:51am","12-Sep-12"
"Ownership Updates: BEMIS CO INC  COM (BMS) for  4-Sep-2012","BMS-US,08143710","FIO","12:41am","4-Sep-12"
"Bemis Co., Inc.(BMS-US) Schedules Bank of America Merrill Lynch Global Industrials & Materials Conference for 6-September-2012 2:50 PM ET","BMS-US","FCST","12:24pm","31-Aug-12"
"Ownership Updates: BEMIS CO INC  COM (BMS) for 30-Aug-2012","BMS-US,08143710","FIO","12:41am","30-Aug-12"
"Ownership Updates: BEMIS CO INC  COM (BMS) for 16-Aug-2012","BMS-US,08143710","FIO","12:31am","16-Aug-12"
"Ownership Updates: BEMIS CO INC  COM (BMS) for 15-Aug-2012","BMS-US,08143710","FIO","12:41am","15-Aug-12"
"Ownership Updates: BEMIS CO INC  COM (BMS) for 10-Aug-2012","BMS-US,08143710","FIO","12:51am","10-Aug-12"
"BEMIS CO INC files (10-Q) Basic quarterly filing, for period end 30-Jun-12 (BMS-US)","BMS-US,BMS","EDG","10:00am","9-Aug-12"
"BEMIS CO INC: 10-Q FactSet Blackline Report for period ending 6/30/2012","BMS-US","FBLK","10:00am","9-Aug-12"
"Dir BOLTON Acquires 5,000 of BEMIS CO INC (BMS)","BMS-US,BMS","EDG"," 8:24am","9-Aug-12"
"Dir PERRY Sells 12,000 of BEMIS CO INC (BMS)","BMS-US,BMS","EDG"," 7:43am","9-Aug-12"
"Bemis Company Declares Regular Quarterly Dividend","BMS-US,BMS","BW"," 1:20pm","2-Aug-12"
"CALLSTREET REPORT: Bemis Co., Inc.(BMS-US), Q2 2012 Earnings Call, 26-July-2012 10:00 AM ET","BMS-US","FCST"," 3:28pm","26-Jul-12"
"Bemis Co., Inc. (BMS-US) - Preliminary Interim Report for the Period Ending 30-Jun-2012 (English)","BMS-US","FFR"," 8:32am","26-Jul-12"
"BEMIS CO INC files (8-K) Current report: Items 2.02 - Results of Operations, 9.01 - Financial Statements and Exhibits, for period end 26-Jul-12 (BMS-US)","BMS-US,BMS","EDG"," 5:56am","26-Jul-12"
"Bemis reports Q2 EPS $0.54 ex-items vs FactSet $0.52","BMS-US","SA"," 4:37am","26-Jul-12"
"Bemis Company Reports 2012 Second Quarter Results","BMS-US,BMS","BW"," 4:35am","26-Jul-12"
"Bemis Company Reports 2012 Second Quarter Results","BMS-US","FFR"," 9:00pm","25-Jul-12"
"Ownership Updates: BEMIS CO INC  COM (BMS) for 20-Jul-2012","BMS-US,08143710","FIO"," 1:01am","20-Jul-12"
"Dir MANGANELLO Acquires 620 of BEMIS CO INC (BMS)","BMS-US,BMS","EDG","12:59pm","18-Jul-12"
"Dir PEERCY Acquires 620 of BEMIS CO INC (BMS)","BMS-US,BMS","EDG"," 2:16pm","17-Jul-12"
"Dir O Acquires 620 of BEMIS CO INC (BMS)","BMS-US,BMS","EDG"," 1:56pm","17-Jul-12"
"Dir MANSFIELD Acquires 1,032 of BEMIS CO INC (BMS)","BMS-US,BMS","EDG"," 1:28pm","17-Jul-12"
"Dir FLOTO Acquires 1,032 of BEMIS CO INC (BMS)","BMS-US,BMS","EDG"," 1:03pm","17-Jul-12"
"Bemis signs joint development agreement with Thin Film Electronics","BMS-US","SA"," 5:02am","10-Jul-12"
"Bemis Company Signs Joint Development Agreement with Thin Film Electronics","THIN-NO,BMS-US,BMS","BW"," 5:00am","10-Jul-12"
"Bemis Selects Thin Film Electronics to Develop Intelligent Packaging Platform","THIN-NO,BMS-US","BW","11:00pm","9-Jul-12"
"BEMIS CO INC files (SC 13G/A) Acquisition of beneficial ownership of 5% or more (Amended) (BMS-US)","BMS-US,BMS","EDG"," 9:50am","9-Jul-12"
"Bemis Co., Inc.(BMS-US) Schedules Q2 2012 Earnings Call for 26-July-2012 10:00 AM ET","BMS-US","FCST","10:12am","5-Jul-12"
"Bemis Co., Inc.(BMS-US) Schedules Q2 2012 Earnings Release for 26-July-2012 Before Market Open ET","BMS-US","FCST","10:06am","5-Jul-12"
"Ownership Updates: BEMIS CO INC  COM (BMS) for 14-Jun-2012","BMS-US,08143710","FIO","12:40am","14-Jun-12"
"Bemis upgraded to buy from underperform at Bank of America Merrill Lynch","BMS-US","SA"," 3:23am","8-Jun-12"
"Bemis Co., Inc.(BMS-US) Schedules Deutsche Bank Global Industrials and Basic Materials Conference for 14-June-2012 11:40 AM ET","BMS-US","FCST"," 7:48am","7-Jun-12"
"CEO THEISEN Acquires 3,241 of BEMIS CO INC (BMS)","BMS-US,BMS","EDG","11:26am","22-May-12"
"Bemis, DDL, Earth911 and Heinz Join the American Institute for Packaging and the Environment (AMERIPEN)","0C087L-E,06KZPM-E...","BW"," 6:00am","21-May-12"
"Ownership Updates: BEMIS CO INC  COM (BMS) for 16-May-2012","BMS-US,08143710","FIO","12:50am","16-May-12"
"Dir PERRY Sells 12,000 of BEMIS CO INC (BMS)","BMS-US,BMS","EDG"," 1:28pm","10-May-12"
"BEMIS CO INC files (10-Q) Basic quarterly filing, for period end 31-Mar-12 (BMS-US)","BMS-US,BMS","EDG"," 7:39am","10-May-12"
"BEMIS CO INC: 10-Q FactSet Blackline Report for period ending 3/31/2012","BMS-US","FBLK"," 7:39am","10-May-12"
"Ownership Updates: BEMIS CO INC  COM (BMS) for 10-May-2012","BMS-US,08143710","FIO"," 1:11am","10-May-12"
"BEMIS CO INC files (8-K) Current report: Items 1.01 - Entry into Definitive Agreement, 5.07 - Submission of Matters to a Vote, 9.01 - Financial Statements and Exhibits, for period end 3-May-12 (BMS-US)","BMS-US,BMS","EDG"," 9:05am","9-May-12"
"Dir FLOTO Acquires 2,330 of BEMIS CO INC (BMS)","BMS-US,BMS","EDG"," 3:04pm","7-May-12"
"Dir FLOTO -Initial Statement of Ownership of BEMIS CO INC (BMS)","BMS-US,BMS","EDG"," 2:55pm","7-May-12"
"Dir MANSFIELD Acquires 2,330 of BEMIS CO INC (BMS)","BMS-US,BMS","EDG"," 1:05pm","7-May-12"
"Dir MANSFIELD -Initial Statement of Ownership of BEMIS CO INC (BMS)","BMS-US,BMS","EDG","11:40am","7-May-12"
"Dir WEAVER Acquires 2,330 of BEMIS CO INC (BMS)","BMS-US,BMS","EDG"," 2:20pm","4-May-12"
"Dir VAN Acquires 2,330 of BEMIS CO INC (BMS)","BMS-US,BMS","EDG"," 2:09pm","4-May-12"
"Dir PERRY Acquires 2,330 of BEMIS CO INC (BMS)","BMS-US,BMS","EDG"," 1:49pm","4-May-12"
"Dir PEERCY Acquires 2,330 of BEMIS CO INC (BMS)","BMS-US,BMS","EDG"," 1:24pm","4-May-12"
"Dir O Acquires 2,330 of BEMIS CO INC (BMS)","BMS-US,BMS","EDG"," 1:11pm","4-May-12"
"Dir MANGANELLO Acquires 2,330 of BEMIS CO INC (BMS)","BMS-US,BMS","EDG","12:51pm","4-May-12"
"Dir JOHNSON Acquires 2,330 of BEMIS CO INC (BMS)","BMS-US,BMS","EDG","12:35pm","4-May-12"
"Dir HAFFNER Acquires 2,330 of BEMIS CO INC (BMS)","BMS-US,BMS","EDG","11:56am","4-May-12"
"Bemis downgraded to sell from neutral at Longbow Research","BMS-US","SA"," 5:06am","4-May-12"
"Bemis Co., Inc.(BMS) Schedules Annual General Meeting for 3-May-2012","BMS-US","FCST"," 3:32pm","3-May-12"
"Bemis Company Declares Regular Quarterly Dividend; Elects Two New Board Members","BMS-US,BMS","BW"," 1:01pm","3-May-12"
"CALLSTREET REPORT: Bemis Co., Inc.(BMS), Q1 2012 Earnings Call, 26-April-2012 10:00 AM ET","BMS-US","FCST"," 6:08pm","26-Apr-12"
"Bemis Co., Inc. (BMS-US) - Preliminary Interim Report for the Period Ending 31-Mar-2012 (English)","BMS-US","FFR"," 8:32am","26-Apr-12"
"BEMIS CO INC files (8-K) Current report: Items 2.02 - Results of Operations, 9.01 - Financial Statements and Exhibits, for period end 26-Apr-12 (BMS-US)","BMS-US,BMS","EDG"," 5:56am","26-Apr-12"
"Bemis reports Q1 EPS $0.49 ex-items vs FactSet $0.47","BMS-US","SA"," 5:02am","26-Apr-12"
"Bemis Company Reports 2012 First Quarter Results","BMS-US,BMS","BW"," 5:00am","26-Apr-12"
"Bemis Company Reports 2012 First Quarter Results","BMS-US","FFR"," 9:00pm","25-Apr-12"
"Dir MANGANELLO Acquires 599 of BEMIS CO INC (BMS)","BMS-US,BMS","EDG","11:48am","18-Apr-12"
"VP AUSTEN Updates Ownership of BEMIS CO INC (BMS)","BMS-US,BMS","EDG"," 2:07pm","17-Apr-12"
"Dir PEERCY Acquires 599 of BEMIS CO INC (BMS)","BMS-US,BMS","EDG","12:32pm","17-Apr-12"
"Dir O Acquires 599 of BEMIS CO INC (BMS)","BMS-US,BMS","EDG","12:03pm","17-Apr-12"
"Ownership Updates: BEMIS CO INC  COM (BMS) for 17-Apr-2012","BMS-US,08143710","FIO","12:30am","17-Apr-12"
"Bemis removed from Top Picks Live at Citi","BMS-US","SA"," 3:41am","11-Apr-12"
"Bemis Co., Inc.(BMS) Schedules Q1 2012 Earnings Call for 26-April-2012 10:00 AM ET","BMS-US","FCST"," 1:38pm","22-Mar-12"
"Bemis Co., Inc.(BMS) Schedules Q1 2012 Earnings Release for 26-April-2012 Before Market Open ET","BMS-US","FCST"," 1:36pm","22-Mar-12"
"Bemis Co., Inc. (BMS-US) - Annual Report for the Period Ending 31-Dec-2011 (English)","BMS-US","FFR"," 9:17pm","21-Mar-12"
"BEMIS CO INC files (DEFR14A) Definitive revised proxy soliciting materials (BMS-US)","BMS-US,BMS","EDG","10:41am","20-Mar-12"
"BEMIS CO INC files (DEF 14A) Definitive proxy statements, for period end 3-May-12 (BMS-US)","BMS-US,BMS","EDG"," 6:36am","20-Mar-12"
"CEO THEISEN Gifts 820 of BEMIS CO INC (BMS)","BMS-US,BMS","EDG"," 1:41pm","14-Mar-12"
"VP MILLER Acquires 1,263 of BEMIS CO INC (BMS)","BMS-US,BMS","EDG"," 9:25am","9-Mar-12"
"BEMIS CO INC files (10-K) Basic annual filing, for period end 31-Dec-11 (BMS-US)","BMS-US,BMS","EDG"," 7:53am","29-Feb-12"
"BEMIS CO INC: 10-K FactSet Blackline Report for period ending 12/31/2011","BMS-US","FBLK"," 7:53am","29-Feb-12"
"Ownership Updates: BEMIS CO INC  COM (BMS) for 29-Feb-2012","BMS-US,08143710","FIO","12:59am","29-Feb-12"
"Ownership Updates: BEMIS CO INC  COM (BMS) for 22-Feb-2012","BMS-US,08143710","FIO","12:39am","22-Feb-12"
"Bemis Co., Inc. (BMS-US) - Annual Report for the Period Ending 31-Dec-2010 (English)","BMS-US","FFR"," 7:30am","18-Feb-12"
"Ownership Updates: BEMIS CO INC  COM (BMS) for 16-Feb-2012","BMS-US,08143710","FIO"," 1:09am","16-Feb-12"
"Ownership Updates: BEMIS CO INC  COM (BMS) for 15-Feb-2012","BMS-US,08143710","FIO"," 1:20am","15-Feb-12"
"Ownership Updates: BEMIS CO INC  COM (BMS) for 14-Feb-2012","BMS-US,08143710","FIO","12:29am","14-Feb-12"
"Dir PERRY Sells 12,500 of BEMIS CO INC (BMS)","BMS-US,BMS","EDG"," 8:04am","10-Feb-12"
"Ownership Updates: BEMIS CO INC  COM (BMS) for 10-Feb-2012","BMS-US,08143710","FIO","12:49am","10-Feb-12"
"BEMIS CO INC files (SC 13G) Acquisition of beneficial ownership of 5% or more (BMS-US)","BMS-US,BMS","EDG"," 8:24am","9-Feb-12"
"BEMIS CO INC files (SC 13G/A) Acquisition of beneficial ownership of 5% or more (Amended) (BMS-US)","BMS-US,BMS","EDG"," 5:05am","9-Feb-12"
"Ownership Updates: BEMIS CO INC  COM (BMS) for  9-Feb-2012","BMS-US,08143710","FIO","12:29am","9-Feb-12"
"CFO ULLEM Acquires 3,964 of BEMIS CO INC (BMS)","BMS-US,BMS","EDG"," 1:36pm","3-Feb-12"
"CEO THEISEN Acquires 10,888 of BEMIS CO INC (BMS)","BMS-US,BMS","EDG"," 1:30pm","3-Feb-12"
"VP RANSOM Acquires 1,998 of BEMIS CO INC (BMS)","BMS-US,BMS","EDG"," 1:25pm","3-Feb-12"
"VP MILLER Acquires 1,529 of BEMIS CO INC (BMS)","BMS-US,BMS","EDG"," 1:21pm","3-Feb-12"
"VP AUSTEN Acquires 3,576 of BEMIS CO INC (BMS)","BMS-US,BMS","EDG"," 1:15pm","3-Feb-12"
"Bemis increases quarterly dividend by 4.2% to $0.25 from $0.24","BMS-US","SA"," 1:03pm","2-Feb-12"
"(HUG)  Bemis Company Inc  Bemis Announces 29th Consecutive Annual Cash Dividend Increase","BMS-US,US08143710...","FECA"," 1:02pm","2-Feb-12"
"Bemis Company Publishes Corporate Responsibility Report","BMS-US,BMS","BW"," 4:00am","31-Jan-12"
"CALLSTREET REPORT: Bemis Co., Inc.(BMS), Q4 2011 Earnings Call, 25-January-2012 10:00 AM ET","BMS-US","FCST","11:14am","25-Jan-12"
"(HUG)  Bemis Company Inc  Bemis Company Reports 2011 Fourth Quarter and Full Year Results","BMS-US,US08143710...","FECA"," 5:56am","25-Jan-12"
"Bemis reports Q4 EPS $0.45 ex-items vs FactSet $0.40","BMS-US","SA"," 5:14am","25-Jan-12"
"BEMIS CO INC files (8-K) Current report: Items 2.02 - Results of Operations, 9.01 - Financial Statements and Exhibits, for period end 25-Jan-12 (BMS-US)","BMS-US,BMS","EDG"," 5:11am","25-Jan-12"
"Dir PEERCY Acquires 3,149 of BEMIS CO INC (BMS)","BMS-US,BMS","EDG","12:47pm","18-Jan-12"
"Dir O Acquires 3,149 of BEMIS CO INC (BMS)","BMS-US,BMS","EDG","12:40pm","18-Jan-12"
"Dir MANGANELLO Acquires 3,149 of BEMIS CO INC (BMS)","BMS-US,BMS","EDG","12:28pm","18-Jan-12"
"Ownership Updates: BEMIS CO INC  COM (BMS) for 10-Jan-2012","BMS-US,08143710","FIO","12:29am","10-Jan-12"
"CEO THEISEN Acquires 31,218 of BEMIS CO INC (BMS)","BMS-US,BMS","EDG"," 9:22am","5-Jan-12"
"VP ULLEM Updates Ownership of BEMIS CO INC (BMS)","BMS-US,BMS","EDG"," 9:15am","5-Jan-12"
"VP RANSOM Updates Ownership of BEMIS CO INC (BMS)","BMS-US,BMS","EDG"," 9:08am","5-Jan-12"
"VP MILLER Acquires 6,431 of BEMIS CO INC (BMS)","BMS-US,BMS","EDG"," 9:03am","5-Jan-12"
"VP KREMPA Updates Ownership of BEMIS CO INC (BMS)","BMS-US,BMS","EDG"," 8:56am","5-Jan-12"
"VP FLISS Updates Ownership of BEMIS CO INC (BMS)","BMS-US,BMS","EDG"," 8:49am","5-Jan-12"
"Officer EDISON Updates Ownership of BEMIS CO INC (BMS)","BMS-US,BMS","EDG"," 8:43am","5-Jan-12"
"VP AUSTEN Acquires 16,959 of BEMIS CO INC (BMS)","BMS-US,BMS","EDG"," 8:27am","5-Jan-12"
"Bemis Co., Inc.(BMS) Schedules Q4 2011 Earnings Release for 25-January-2012 Before Market Open ET","BMS-US","FCST"," 2:34am","5-Jan-12"
"Bemis Co., Inc.(BMS) Schedules Q4 2011 Earnings Call for 25-January-2012 10:00 AM ET","BMS-US","FCST"," 3:26pm","4-Jan-12"
"Ownership Updates: BEMIS CO INC  COM (BMS) for  4-Jan-2012","BMS-US,08143710","FIO"," 2:59am","4-Jan-12"
"Dir JOHNSON Acquires 1,290 of BEMIS CO INC (BMS)","BMS-US,BMS","EDG"," 7:51am","15-Dec-11"
"CEO THEISEN Gifts 835 of BEMIS CO INC (BMS)","BMS-US,BMS","EDG"," 6:54am","7-Dec-11"
"Bemis acquires Shield Pack","BMS-US","SA"," 2:31pm","1-Dec-11"
"Ownership Updates: BEMIS CO INC  COM (BMS) for 30-Nov-2011","BMS-US,08143710","FIO"," 6:24am","30-Nov-11"
"Ownership Updates: BEMIS CO INC  COM (BMS) for 15-Nov-2011","BMS-US,08143710","FIO"," 3:49am","15-Nov-11"
"Ownership Updates: BEMIS CO INC  COM (BMS) for 12-Nov-2011","BMS-US,08143710","FIO","12:29am","12-Nov-11"
"Ownership Updates: BEMIS CO INC  COM (BMS) for 11-Nov-2011","BMS-US,08143710","FIO"," 1:09am","11-Nov-11"
"Ownership Updates: BEMIS CO INC  COM (BMS) for 10-Nov-2011","BMS-US,08143710","FIO","12:29am","10-Nov-11"
"Dir PERRY Sells 13,095 of BEMIS CO INC (BMS)","BMS-US,BMS","EDG"," 7:53am","8-Nov-11"
"BEMIS CO INC files (8-K) Current report: Items 5.02 - Changes in Exec Management, 5.03 - Amendments to Corporate Charters, 9.01 - Financial Statements and Exhibits, for period end 1-Nov-11 (BMS-US)","BMS-US,BMS","EDG"," 9:32am","7-Nov-11"
"BEMIS CO INC files (10-Q) Basic quarterly filing, for period end 30-Sep-11 (BMS-US)","BMS-US,BMS","EDG"," 9:14am","7-Nov-11"
"BEMIS CO INC: 10-Q FactSet Blackline Report for period ending 9/30/2011","BMS-US","FBLK"," 9:14am","7-Nov-11"
"(HUG)  Bemis Company Inc  Bemis Company Declares Regular Quarterly Dividend","BMS-US,08FF3V-E,U...","FECA"," 1:01pm","3-Nov-11"
"Zacks Bull and Bear of the Day Highlights: Neurocrine Biosciences, Bemis, Societie Generale, Citigroup and Morgan Stanley","NBIX-US,MS-US,BMS...","PRN"," 6:30am","2-Nov-11"
"CALLSTREET REPORT: Bemis Co., Inc.(BMS), Q3 2011 Earnings Call, 26-October-2011 10:00 AM ET","BMS-US","FCST"," 9:52am","26-Oct-11"
"Bemis downgraded to underperform from buy at Bank of America Merrill Lynch","BMS-US","SA"," 6:56am","26-Oct-11"
"BEMIS CO INC files (8-K) Current report: Items 2.02 - Results of Operations, 9.01 - Financial Statements and Exhibits, for period end 26-Oct-11 (BMS-US)","BMS-US,BMS","EDG"," 5:18am","26-Oct-11"
"Bemis reports Q3 adjusted EPS $0.56 vs Reuters $0.58","BMS-US","SA"," 4:49am","26-Oct-11"
"(HUG)  Bemis Company Inc  Bemis Company Reports 2011 Third Quarter Results","BMS-US,US081437105","FECA"," 4:46am","26-Oct-11"
"(HUG) Bemis Company Inc Bemis Company Reports 2011 Third Quarter Results","BMS-US","FFR"," 4:46am","26-Oct-11"
"Chmn CURLER Gifts 1,000 of BEMIS CO INC (BMS)","BMS-US,BMS","EDG"," 6:46am","11-Oct-11"
"Ownership Updates: BEMIS CO INC  COM (BMS) for  5-Oct-2011","BMS-US,08143710","FIO","12:19am","5-Oct-11"
"BEMIS CO INC files (8-K) Current report: Items 1.01 - Entry into Definitive Agreement, 2.03 - Off-Balance Sheet Arrangements, 8.01 - Other Events, 9.01 - Financial Statements and Exhibits, for period end 4-Oct-11 (BMS-US)","BMS-US,BMS","EDG"," 1:13pm","4-Oct-11"
"Bemis Co., Inc.(BMS-US) Schedules Q3 2011 Earnings Release for 26-October-2011 Before Market Open ET","BMS-US","FCST"," 2:20pm","3-Oct-11"
"BEMIS CO INC files (8-K) Current report: Items 1.01 - Entry into Definitive Agreement, 9.01 - Financial Statements and Exhibits, for period end 27-Sep-11 (BMS-US)","BMS-US,BMS","EDG","12:12pm","28-Sep-11"
"BEMIS CO INC files (424B5) Prospectus used for both 424B2 and 424B3 information (BMS-US)","BMS-US,BMS","EDG","12:10pm","28-Sep-11"
"BEMIS CO INC files (FWP) Free writing prospectus after a registration statement has been filed (BMS-US)","BMS-US,BMS","EDG"," 2:26pm","27-Sep-11"
"(HUG)  Bemis Company Inc  Bemis Announces Senior Notes Offering","BMS-US,0044MT-E,0...","FECA"," 2:06pm","27-Sep-11"
"Bemis Co., Inc.(BMS) Schedules Q3 2011 Earnings Call for 26-October-2011 10:00 AM ET","BMS-US","FCST"," 7:00am","27-Sep-11"
"BEMIS CO INC files (424B5) Prospectus used for both 424B2 and 424B3 information (BMS-US)","BMS-US,BMS","EDG"," 6:34am","27-Sep-11"
"BEMIS CO INC files (8-K) Current report: Items 8.01 - Other Events, 9.01 - Financial Statements and Exhibits, for period end 27-Sep-11 (BMS-US)","BMS-US,BMS","EDG"," 6:29am","27-Sep-11"
"Ownership Updates: BEMIS CO INC  COM (BMS) for 16-Aug-2011","BMS-US,08143710","FIO","12:28am","16-Aug-11"
"Ownership Updates: BEMIS CO INC  COM (BMS) for 13-Aug-2011","BMS-US,08143710","FIO","12:48am","13-Aug-11"
"Ownership Updates: BEMIS CO INC  COM (BMS) for 12-Aug-2011","BMS-US,08143710","FIO","12:28am","12-Aug-11"
"Dir BOLTON Acquires 5,000 of BEMIS CO INC (BMS)","BMS-US,BMS","EDG"," 8:05am","10-Aug-11"
"BEMIS CO INC files (8-K) Current report: Items 5.02 - Changes in Exec Management, 9.01 - Financial Statements and Exhibits, for period end 5-Aug-11 (BMS-US)","BMS-US,BMS","EDG"," 8:02am","10-Aug-11"
"Dir PERRY Sells 12,000 of BEMIS CO INC (BMS)","BMS-US,BMS","EDG"," 2:08pm","9-Aug-11"
"BEMIS CO INC: 10-Q FactSet Blackline Report for period ending 6/30/2011","BMS-US","FBLK"," 7:30am","9-Aug-11"
"BEMIS CO INC files (10-Q) Basic quarterly filing, for period end 30-Jun-11 (BMS-US)","BMS-US,BMS","EDG"," 7:29am","9-Aug-11"
"Bemis names William Bolton at Chairman","BMS-US","SA"," 1:05pm","5-Aug-11"
"(HUG)  Bemis Company Inc  Bemis Company Declares Regular Quarterly Dividend and Announces New Chairman of the Board of Directors","BMS-US,US081437105","FECA"," 1:03pm","5-Aug-11"
"Bemis Co Inc agreed to acquire Mayor Packaging Enterprises (1968) Ltd","BMS-US,08V8X1-E","FFW"," 2:55am","4-Aug-11"
"Ownership Updates: BEMIS CO INC  COM (BMS) for  3-Aug-2011","BMS-US,08143710","FIO","12:18am","3-Aug-11"
"Bemis acquires Mayor Packaging of Hong Kong","BMS-US","SA"," 1:12pm","1-Aug-11"
"(HUG)  Bemis Company Inc  Bemis Company Acquires Mayor Packaging of Hong Kong","BMS-US,US081437105","FECA"," 1:03pm","1-Aug-11"
"CALLSTREET REPORT: Bemis Co., Inc.(BMS), Q2 2011 Earnings Call, 27-July-2011 10:00 AM ET","BMS-US","FCST","11:06am","27-Jul-11"
"BEMIS CO INC files (8-K) Current report: Items 2.02 - Results of Operations, 9.01 - Financial Statements and Exhibits, for period end 27-Jul-11 (BMS-US)","BMS-US,BMS","EDG"," 5:10am","27-Jul-11"
"Bemis reports Q2 EPS $0.51 vs Reuters $0.50","BMS-US","SA"," 5:04am","27-Jul-11"
"(HUG)  Bemis Company Inc  Bemis Company Reports 2011 Second Quarter Results","BMS-US,US081437105","FECA"," 5:01am","27-Jul-11"
"(HUG) Bemis Company Inc Bemis Company Reports 2011 Second Quarter Results","BMS-US","FFR"," 5:01am","27-Jul-11"
"Bemis Company Reports 2011 Second Quarter Results","BMS-US","FFR"," 5:01am","27-Jul-11"
"Bemis amends credit agreement--8-K","BMS-US","SA","12:50pm","26-Jul-11"
"BEMIS CO INC files (8-K) Current report: Items 1.01 - Entry into Definitive Agreement, 9.01 - Financial Statements and Exhibits, for period end 21-Jul-11 (BMS-US)","BMS-US,BMS","EDG","12:47pm","26-Jul-11"
"Chmn CURLER Acquires 12,355 of BEMIS CO INC (BMS)","BMS-US,BMS","EDG"," 2:40pm","25-Jul-11"
"BEMIS CO INC files (8-K) Current report: Item 5.02 - Changes in Exec Management, for period end 22-Jul-11 (BMS-US)","BMS-US,BMS","EDG","12:56pm","25-Jul-11"
"BEMIS CO INC  (BMS=US) (Pechala's Reports) 5 pages","BMS-US","FRC"," 1:38pm","10-Jul-11"
"(HUG)  Bemis Company Inc  Bemis Company Completes Dixie Toga Tender Offer","DXTG4-BR,BVMF3-BR...","FECA"," 1:03pm","8-Jul-11"
"Bemis Co., Inc.(BMS) Schedules Q2 2011 Earnings Call for 27-July-2011 10:00 AM ET","BMS-US","FCST"," 6:54am","29-Jun-11"
"Bemis Co., Inc.(BMS) Schedules Q2 2011 Earnings Release for 27-July-2011 Before Market Open ET","BMS-US","FCST"," 6:52am","29-Jun-11"
"Bemis downgraded to sell from neutral at Goldman Sachs","BMS-US","SA"," 4:11am","13-Jun-11"
"Bemis announced that its Brazilian subsidiary has initiated a tender offer for all outstanding publicly owned shares of Dixie Toga S.A.","BMS-US","SA"," 1:19pm","8-Jun-11"
"(HUG)  Bemis Company Inc  BEMIS COMPANY RECEIVES APPROVAL TO PROCEED WITH DIXIE TOGA TENDER OFFER","BMS-US,BVMF3-BR,D...","FECA"," 1:15pm","8-Jun-11"
"Bemis Co., Inc.(BMS) Schedules Deutsche Bank Global Industrials and Basic Materials Conference for 15-June-2011 4:00 PM ET","BMS-US","FCST","10:37am","23-May-11"
"Ownership Updates: BEMIS INC  COM (BMS) for 17-May-2011","08143710","FIO"," 2:48am","17-May-11"
"Ownership Updates: BEMIS INC  COM (BMS) for 14-May-2011","08143710","FIO"," 1:08am","14-May-11"
"Ownership Updates: BEMIS INC  COM (BMS) for 12-May-2011","08143710","FIO"," 1:38am","12-May-11"
"BEMIS CO INC: 10-Q FactSet Blackline Report for period ending 3/31/2011","BMS-US","FBLK"," 8:52am","10-May-11"
"BEMIS CO INC files (10-Q) Basic quarterly filing, for period end 31-Mar-11 (BMS-US)","BMS-US,BMS","EDG"," 8:51am","10-May-11"
"BEMIS CO INC files (8-K) Current report: Items 5.02 - Changes in Exec Management, 5.07 - Submission of Matters to a Vote, for period end 5-May-11 (BMS-US)","BMS-US,BMS","EDG"," 2:19pm","9-May-11"
"Dir PERRY Sells 12,000 of BEMIS CO INC (BMS)","BMS-US,BMS","EDG"," 1:26pm","9-May-11"
"VP KREMPA Updates Ownership of BEMIS CO INC (BMS)","BMS-US,BMS","EDG"," 7:34am","9-May-11"
"VP KREMPA -Initial Statement of Ownership of BEMIS CO INC (BMS)","BMS-US,BMS","EDG"," 6:36am","9-May-11"
"Ownership Updates: BEMIS INC  COM (BMS) for  8-May-2011","08143710","FIO"," 1:48pm","8-May-11"
"Ownership Updates: BEMIS INC  COM (BMS) for  7-May-2011","08143710","FIO"," 1:48am","7-May-11"
"Dir WEAVER Acquires 2,351 of BEMIS CO INC (BMS)","BMS-US,BMS","EDG","10:01am","6-May-11"
"Dir VAN Acquires 2,351 of BEMIS CO INC (BMS)","BMS-US,BMS","EDG"," 9:49am","6-May-11"
"Dir SCHOLLE Acquires 2,351 of BEMIS CO INC (BMS)","BMS-US,BMS","EDG"," 9:30am","6-May-11"
"Dir PEERCY Acquires 2,351 of BEMIS CO INC (BMS)","BMS-US,BMS","EDG"," 9:19am","6-May-11"
"Dir O Acquires 2,351 of BEMIS CO INC (BMS)","BMS-US,BMS","EDG"," 9:08am","6-May-11"
"Dir MANGANELLO Acquires 2,351 of BEMIS CO INC (BMS)","BMS-US,BMS","EDG"," 8:54am","6-May-11"
"Dir JOHNSON Acquires 2,351 of BEMIS CO INC (BMS)","BMS-US,BMS","EDG"," 8:11am","6-May-11"
"Dir HAFFNER Acquires 2,351 of BEMIS CO INC (BMS)","BMS-US,BMS","EDG"," 7:56am","6-May-11"
"Dir BOLTON Acquires 2,351 of BEMIS CO INC (BMS)","BMS-US,BMS","EDG"," 7:42am","6-May-11"
"Zacks Sell List Highlights: KBW, Telephone & Data Systems, Sealed Air and Bemis Company","TDS-US,SEE-US,KBW...","PRN"," 7:08am","6-May-11"
"(HUG)  Bemis Company Inc  Bemis Company Declares Regular Quarterly Dividend","BMS-US,US081437105","FECA"," 1:02pm","5-May-11"
"(HUG)  Bemis Company Inc  Bemis Company Elects Krempa Vice President and Controller","05F6M1-E,003Q3K-E...","FECA"," 1:02pm","5-May-11"
"Bemis Co., Inc.(BMS) Schedules JPMorgan Diversified Industries Conference for 7-June-2011 9:15 AM ET","BMS-US","FCST","12:17pm","29-Apr-11"
"CALLSTREET REPORT: Bemis Co., Inc.(BMS), Q1 2011 Earnings Call, 28-April-2011 10:00 AM ET","BMS-US","FCST"," 3:41pm","28-Apr-11"
"BEMIS CO INC files (8-K) Current report: Items 2.02 - Results of Operations, 9.01 - Financial Statements and Exhibits, for period end 28-Apr-11 (BMS-US)","BMS-US,BMS","EDG"," 5:47am","28-Apr-11"
"Bemis reports Q1 EPS $0.47 vs Reuters $0.53","BMS-US","SA"," 5:10am","28-Apr-11"
"(HUG)  Bemis Company Inc  Bemis Company Reports 2011 First Quarter Results","BMS-US,US081437105","FECA"," 5:02am","28-Apr-11"
"Bemis Co., Inc.(BMS) Schedules Wells Fargo Securities Industrial and Construction Conference for 11-May-2011 8:30 AM ET","BMS-US","FCST"," 7:47am","22-Apr-11"
"SEC release:  BEMIS CO INC replies to SEC correspondence (CORRESP) - filed Apr 21, 2011 (BMS-US)","BMS-US,BMS","EDG"," 8:10am","21-Apr-11"
"Chmn CURLER Acquires 6,925 of BEMIS CO INC (BMS)","BMS-US,BMS","EDG"," 3:13pm","20-Apr-11"
"EVP WULF Acquires 1,823 of BEMIS CO INC (BMS)","BMS-US,BMS","EDG"," 1:17pm","20-Apr-11"
"Bemis Co., Inc.(BMS-US) Schedules Q1 2011 Earnings Release for 28-April-2011 Before Market Open ET","BMS-US","FCST"," 6:31am","8-Apr-11"
"VP AUSTEN Updates Ownership of BEMIS CO INC (BMS)","BMS-US,BMS","EDG"," 1:42pm","7-Apr-11"
"Bemis Co., Inc.(BMS) Schedules Q1 2011 Earnings Call for 28-April-2011 10:00 AM ET","BMS-US","FCST","11:39am","7-Apr-11"
"Chmn CURLER Gifts 40,000 of BEMIS CO INC (BMS)","BMS-US,BMS","EDG"," 1:34pm","31-Mar-11"
"Chmn CURLER Gifts 202,000 of BEMIS CO INC (BMS)","BMS-US,BMS","EDG"," 1:49pm","29-Mar-11"
"BEMIS CO INC files (DEF 14A) Definitive proxy statements, for period end 5-May-11 (BMS-US)","BMS-US,BMS","EDG"," 6:45am","22-Mar-11"
"Bemis Co., Inc.(BMS) Schedules Annual General Meeting for 5-May-2011 10:00 AM ET","BMS-US","FCST"," 6:39am","16-Mar-11"
"CEO THEISEN Gifts 2,649 of BEMIS CO INC (BMS)","BMS-US,BMS","EDG"," 7:15am","8-Mar-11"
"BEMIS CO INC: 10-K FactSet Blackline Report for period ending 12/31/2010","BMS-US","FBLK"," 8:47am","1-Mar-11"
"BEMIS CO INC files (10-K) Basic annual filing, for period end 31-Dec-10 (BMS-US)","BMS-US,BMS","EDG"," 8:46am","1-Mar-11"
"Dir SCHOLLE Acquires 5,400 of BEMIS CO INC (BMS)","BMS-US,BMS","EDG"," 1:01pm","14-Feb-11"
"BEMIS CO INC files (SC 13G) Acquisition of beneficial ownership of 5% or more (BMS-US)","BMS-US,BMS","EDG","10:00am","11-Feb-11"
"BEMIS CO INC files (8-K) Current report: Items 5.03 - Amendments to Corporate Charters, 8.01 - Other Events, 9.01 - Financial Statements and Exhibits, for period end 4-Feb-11 (BMS-US)","BMS-US,BMS","EDG"," 9:31am","10-Feb-11"
"BEMIS CO INC files (SC 13G) Acquisition of beneficial ownership of 5% or more (BMS-US)","BMS-US,BMS","EDG"," 5:36am","10-Feb-11"
"Bemis increases quarterly dividend by 4.3% to $0.24 from $0.23","BMS-US","SA"," 1:08pm","4-Feb-11"
"Bemis upgraded to buy from hold at KeyBanc","BMS-US","SA"," 4:23am","3-Feb-11"
"Bemis downgraded to hold from buy at Deutsche Bank","BMS-US","SA"," 3:44am","2-Feb-11"
"CALLSTREET REPORT: Bemis Co., Inc.(BMS), Q4 2010 Earnings Call, 1-February-2011 10:00 AM ET","BMS-US","FCST"," 1:34pm","1-Feb-11"
"BEMIS CO INC files (8-K) Current report: Items 2.02 - Results of Operations, 9.01 - Financial Statements and Exhibits, for period end 1-Feb-11 (BMS-US)","BMS-US,BMS","EDG"," 5:57am","1-Feb-11"
"Bemis reports Q4 EPS $0.49 vs Reuters $0.51","BMS-US","SA"," 4:04am","1-Feb-11"
"Dir VAN Acquires 456 of BEMIS CO INC (BMS) (Amended)","BMS-US,BMS","EDG"," 6:21am","21-Jan-11"
"Dir VAN Acquires 1,822 of BEMIS CO INC (BMS)","BMS-US,BMS","EDG"," 9:24am","18-Jan-11"
"Dir PEERCY Acquires 1,139 of BEMIS CO INC (BMS)","BMS-US,BMS","EDG"," 9:00am","18-Jan-11"
"Dir O Acquires 2,277 of BEMIS CO INC (BMS)","BMS-US,BMS","EDG"," 8:35am","18-Jan-11"
"Dir MANGANELLO Acquires 2,277 of BEMIS CO INC (BMS)","BMS-US,BMS","EDG"," 7:35am","18-Jan-11"
"Chmn CURLER Gifts 8,525 of BEMIS CO INC (BMS)","BMS-US,BMS","EDG"," 9:39am","14-Jan-11"
"Bemis Co., Inc.(BMS) Schedules Q4 2010 Earnings Call for 1-February-2011 10:00 AM ET","BMS-US","FCST"," 4:09am","6-Jan-11"
"Bemis Co., Inc.(BMS-US) Schedules Q4 2010 Earnings Release for 1-February-2011 Before Market Open ET","BMS-US","FCST"," 3:03pm","5-Jan-11"
"VP FLISS Updates Ownership of BEMIS CO INC (BMS)","BMS-US,BMS","EDG"," 2:04pm","4-Jan-11"
"Officer EDISON Updates Ownership of BEMIS CO INC (BMS)","BMS-US,BMS","EDG"," 1:45pm","4-Jan-11"
"CEO THEISEN Acquires 30,415 of BEMIS CO INC (BMS)","BMS-US,BMS","EDG","12:58pm","4-Jan-11"
"Chmn CURLER Acquires 77,495 of BEMIS CO INC (BMS)","BMS-US,BMS","EDG","12:08pm","4-Jan-11"
"EVP WULF Acquires 24,148 of BEMIS CO INC (BMS)","BMS-US,BMS","EDG","10:50am","4-Jan-11"
"VP ULLEM Updates Ownership of BEMIS CO INC (BMS)","BMS-US,BMS","EDG","10:06am","4-Jan-11"
"SVP SEASHORE Acquires 19,500 of BEMIS CO INC (BMS)","BMS-US,BMS","EDG"," 9:41am","4-Jan-11"
"VP RANSOM Updates Ownership of BEMIS CO INC (BMS)","BMS-US,BMS","EDG"," 9:14am","4-Jan-11"
"VP MILLER Acquires 7,762 of BEMIS CO INC (BMS)","BMS-US,BMS","EDG"," 8:39am","4-Jan-11"
"VP JAFFY Acquires 13,062 of BEMIS CO INC (BMS)","BMS-US,BMS","EDG"," 8:13am","4-Jan-11"
"VP HAWTHORNE Updates Ownership of BEMIS CO INC (BMS)","BMS-US,BMS","EDG"," 7:54am","4-Jan-11"
"VP AUSTEN Acquires 18,948 of BEMIS CO INC (BMS)","BMS-US,BMS","EDG"," 7:31am","4-Jan-11"
"VP JAFFY Acquires 1,859 of BEMIS CO INC (BMS)","BMS-US,BMS","EDG","12:05pm","7-Dec-10"
"CEO THEISEN Acquires 3,109 of BEMIS CO INC (BMS)","BMS-US,BMS","EDG","10:02am","6-Dec-10"
"Bemis initiated neutral at Goldman Sachs","BMS-US","SA"," 3:17am","24-Nov-10"
"Dir PERRY Sells 703 of BEMIS CO INC (BMS)","BMS-US,BMS","EDG"," 1:52pm","19-Nov-10"
"Dir JOHNSON Sells 3,995 of BEMIS CO INC (BMS)","BMS-US,BMS","EDG"," 1:39pm","19-Nov-10"
"BEMIS CO INC files (10-Q) Basic quarterly filing, for period end 30-Sep-10 (BMS-US)","BMS-US,BMS","EDG"," 9:56am","9-Nov-10"
"BEMIS CO INC: 10-Q FactSet Blackline Report for period ending 9/30/2010","BMS-US","FBLK"," 9:56am","9-Nov-10"
"Bemis authorizes 10M shares for repurchase","BMS-US","SA"," 1:49pm","4-Nov-10"
"Bemis Company Declares Regular Quarterly Dividend; Approves Share Repurchase Authorization Totaling Ten Million Shares","BMS-US,BMS","BW"," 1:48pm","4-Nov-10"
"CALLSTREET REPORT: Bemis Co., Inc.(BMS-US), Q3 2010 Earnings Call, 28-October-2010 10:00 AM ET","BMS-US","FCST"," 7:17pm","28-Oct-10"
"BEMIS CO INC files (8-K) Current report: Items 2.02 - Results of Operations, 9.01 - Financial Statements and Exhibits, for period end 28-Oct-10 (BMS-US)","BMS-US,BMS","EDG"," 5:52am","28-Oct-10"
"Bemis reports Q3 EPS $0.57 ex-items vs Reuters $0.60","BMS-US","SA"," 5:08am","28-Oct-10"
"Bemis Company Reports Strong 2010 Third Quarter Results","BMS-US,BMS","BW"," 5:00am","28-Oct-10"
"Bemis Co., Inc.(BMS-US) Schedules Q3 2010 Earnings Call for 28-October-2010 10:00 AM ET","BMS-US","FCST","12:51pm","12-Oct-10"
"Bemis Co., Inc.(BMS-US) Schedules Q3 2010 Earnings Release for 28-October-2010 Before Market Open ET","BMS-US","FCST"," 6:17pm","11-Oct-10"
"BEMIS CO INC files (SC 13G/A) Acquisition of beneficial ownership of 5% or more (Amended) (BMS-US)","BMS-US,BMS","EDG"," 9:18am","8-Oct-10"
"SVP SEASHORE Sells 10,000 of BEMIS CO INC (BMS)","BMS-US,BMS","EDG"," 9:30am","16-Sep-10"
"EVP WULF Acquires 5,452 of BEMIS CO INC (BMS)","BMS-US,BMS","EDG","12:58pm","14-Sep-10"
"Chmn CURLER Acquires 30,435 of BEMIS CO INC (BMS)","BMS-US,BMS","EDG","12:50pm","8-Sep-10"
"BEMIS CO INC files (CT ORDER) Confidential treatment order by SEC (BMS-US)","BMS-US,BMS","EDG"," 6:59am","27-Aug-10"
"Analytical Reports on Bemis and MeadWestvaco -- Still No Sign of a Breakthrough in Q2 2010 ","BMS-US,MWV-US","MW"," 5:35am","20-Aug-10"
"EVP WULF Gifts 3,500 of BEMIS CO INC (BMS)","BMS-US,BMS","EDG"," 6:37am","19-Aug-10"
"BEMIS CO INC files (10-Q) Basic quarterly filing, for period end 30-Jun-10 (BMS-US)","BMS-US,BMS","EDG"," 7:29am","9-Aug-10"
"BEMIS CO INC: 10-Q FactSet Blackline Report for period ending 6/30/2010","BMS-US","FBLK"," 7:29am","9-Aug-10"
"BEMIS CO INC  (BMS=US)  12-months forecast (Pechala's Reports) 1 page","BMS-US","FRC"," 4:33pm","6-Aug-10"
"Bemis Company Declares Regular Quarterly Dividend","BMS-US,BMS","BW"," 8:32am","29-Jul-10"
"Zacks.com featured expert Kevin Matras highlights: Bemis Company, Inc., DTE Energy Company, Hawaiian Electric Industries, Inc., NiSource Inc. and Sealed Air Corp.","HE-US,DTE-US,BMS-US","BW"," 2:00pm","28-Jul-10"
"CALLSTREET REPORT: Bemis Co., Inc.(BMS-US), Q2 2010 Earnings Call, 27-July-2010 10:00 AM ET","BMS-US","FCST"," 1:35pm","27-Jul-10"
"BEMIS CO INC files (8-K) Current report: Items 2.02 - Results of Operations, 9.01 - Financial Statements and Exhibits, for period end 27-Jul-10 (BMS-US)","BMS-US,BMS","EDG"," 6:01am","27-Jul-10"
"Bemis reports Q2 EPS $0.58 ex-items vs Reuters $0.56","BMS-US","SA"," 5:04am","27-Jul-10"
"Bemis Company Reports 2010 Second Quarter Results","BMS-US,BMS","BW"," 5:00am","27-Jul-10"
"Bemis Launches FreshCase® Film","BMS-US,BMS","BW"," 5:00am","27-Jul-10"
"Bemis upgraded to buy from hold at Deutsche Bank","BMS-US","SA"," 3:56am","26-Jul-10"
"BEMIS CO INC files (8-K) Current report: Items 8.01 - Other Events, 9.01 - Financial Statements and Exhibits, for period end 13-Jul-10 (BMS-US)","BMS-US,BMS","EDG","11:17am","19-Jul-10"
"Bemis completes sale of discontinued operations","BMS-US","SA"," 1:40pm","13-Jul-10"
"Bemis Company Completes Sale of Discontinued Operations","BMS-US,BMS","BW"," 1:39pm","13-Jul-10"
"Bemis Co., Inc.(BMS-US) Schedules Q2 2010 Earnings Call for 27-July-2010 10:00 AM ET","BMS-US","FCST"," 6:38am","7-Jul-10"
"Bemis Co., Inc.(BMS-US) Schedules Q2 2010 Earnings Release for 27-July-2010 Before Market Open ET","BMS-US","FCST"," 8:15pm","6-Jul-10"
"Officer EDISON -Initial Statement of Ownership of BEMIS CO INC (BMS) (Amended)","BMS-US,BMS","EDG"," 2:40pm","30-Jun-10"
"BEMIS COMPANY INC (BMS=US) - REPORT FOR ACTIVE TRADERS (Pechala's Reports) 3 pages","BMS-US","FRC"," 8:08pm","28-Jun-10"
"Bemis Co., Inc.(BMS-US) Schedules Deutsche Bank Industrials Conference for 24-June-2010 9:00 AM ET","BMS-US","FCST"," 3:37am","24-Jun-10"
"CORRECTED TRANSCRIPT: Bemis Co., Inc.(BMS-US), Longbow Research Paper Packaging & Chemicals Investor Conference, 22-June-2010 9:25 AM ET","BMS-US","FCST","10:55am","22-Jun-10"
"Bemis Co., Inc.(BMS-US) Schedules Longbow Research Paper Packaging & Chemicals Investor Conference for 22-June-2010 9:25 AM ET","BMS-US","FCST"," 2:43pm","21-Jun-10"
"Bemis Company to Present at Longbow Research Paper, Packaging & Chemicals Conference","BMS-US,BMS","BW"," 2:28pm","21-Jun-10"
"Officer EDISON -Initial Statement of Ownership of BEMIS CO INC (BMS)","BMS-US,BMS","EDG"," 2:20pm","17-Jun-10"
"Bemis Company Elects Edison Vice President, General Counsel, and Secretary","BMS-US,BMS","BW"," 1:36pm","17-Jun-10"
"Exopack Holding Corp agreed to acquire Bemis Co Inc /2 Packaging Businesses/","BMS-US,05LB20-E,0...","FFW"," 6:55am","16-Jun-10"
"BEMIS CO INC files (8-K) Current report: Items 1.01 - Entry into Definitive Agreement, 7.01 - Regulation FD, 9.01 - Financial Statements and Exhibits, for period end 11-Jun-10 (BMS-US)","BMS-US,BMS","EDG"," 7:12am","15-Jun-10"
"CORRECTED TRANSCRIPT: Bemis Co., Inc.(BMS-US), Wells Fargo Securities Industrial Conference, 14-June-2010 3:15 PM ET","BMS-US","FCST"," 6:47pm","14-Jun-10"
"Bemis reaches agreement to sell 2 facilities to Exopack Holding for $81M","BMS-US,RTP","SA"," 2:30pm","14-Jun-10"
"Bemis Reaches Agreement to Sell Menasha, WI and Tulsa, OK Facilities to Exopack","BMS-US,05LB20-E,0...","BW"," 2:27pm","14-Jun-10"
"Bemis Company to Present at Wells Fargo Securities Industrial Conference","BMS-US,BMS","BW"," 2:36pm","11-Jun-10"
"Bemis Co., Inc.(BMS-US) Schedules Wells Fargo Securities Industrial Conference for 14-June-2010 3:15 PM ET","BMS-US","FCST"," 7:35am","11-Jun-10"
"Bemis Co., Inc.(BMS) Schedules Bank of America Merrill Lynch US Media Conference for 9-June-2010","BMS-US","FCST"," 2:23pm","9-Jun-10"
"Bemis Co., Inc.(BMS-US) Schedules JP Morgan Diversified Industries Conference for 8-June-2010","BMS-US","FCST","12:11pm","8-Jun-10"
"Bemis Co., Inc.(BMS-US) Schedules Goldman Sachs Basic Materials Conference for 2-June-2010","BMS-US","FCST"," 3:17pm","2-Jun-10"
"BEMIS CO INC files (8-K) Current report: Items 7.01 - Regulation FD, 8.01 - Other Events, 9.01 - Financial Statements and Exhibits, for period end 14-May-10 (BMS-US)","BMS-US,BMS","EDG","12:52pm","18-May-10"
"Bemis Co Inc agreed to acquire Dixie Toga SA","DXTG4-BR,BMS-US","FFW"," 6:15am","14-May-10"
"Bemis Company Announces Intent to Acquire Remaining Shares of Its South American Subsidiary, Dixie Toga S.A.","BMS-US,BMS","BW"," 4:55am","14-May-10"
"CORRECTED TRANSCRIPT: Bemis Co., Inc.(BMS-US), Macquarie Capital Industrial Conference, 13-May-2010 9:20 AM ET","BMS-US","FCST"," 3:31pm","13-May-10"
"BEMIS CO INC files (8-K/A) Current report (Amended): Item 9.01 - Financial Statements and Exhibits, for period end 1-Mar-10 (BMS-US)","BMS-US,BMS","EDG"," 1:17pm","12-May-10"
"Bemis Co., Inc.(BMS-US) Schedules Robert W. Baird Growth Stock Conference for 19-May-2010 2:55 PM ET","BMS-US","FCST","11:02am","12-May-10"
"Bemis Co., Inc.(BMS-US) Schedules Macquarie Capital Industrial Conference for 13-May-2010 9:20 AM ET","BMS-US","FCST"," 4:03am","12-May-10"
"Bemis Company to Present at Macquarie Capital Industrials Conference","BMS-US,BMS","BW"," 6:30pm","11-May-10"
"BEMIS CO INC: 10-Q FactSet Blackline Report for period ending 3/31/2010","BMS-US","FBLK"," 2:16pm","10-May-10"
"BEMIS CO INC files (10-Q) Basic quarterly filing, for period end 31-Mar-10 (BMS-US)","BMS-US,BMS","EDG"," 2:15pm","10-May-10"
"Dir WEAVER Acquires 2,552 of BEMIS CO INC (BMS)","BMS-US,BMS","EDG","12:35pm","7-May-10"
"Dir VAN Acquires 2,552 of BEMIS CO INC (BMS)","BMS-US,BMS","EDG","12:12pm","7-May-10"
"Dir SCHOLLE Acquires 2,552 of BEMIS CO INC (BMS)","BMS-US,BMS","EDG","12:00pm","7-May-10"
"Dir PERRY Acquires 2,552 of BEMIS CO INC (BMS)","BMS-US,BMS","EDG","11:47am","7-May-10"
"Dir PEERCY Acquires 2,552 of BEMIS CO INC (BMS)","BMS-US,BMS","EDG","11:08am","7-May-10"
"Dir O Acquires 2,552 of BEMIS CO INC (BMS)","BMS-US,BMS","EDG","10:32am","7-May-10"
"Dir MANGANELLO Acquires 2,552 of BEMIS CO INC (BMS)","BMS-US,BMS","EDG"," 9:26am","7-May-10"
"Dir JOHNSON Acquires 2,552 of BEMIS CO INC (BMS)","BMS-US,BMS","EDG"," 9:01am","7-May-10"
"Dir HAFFNER Acquires 2,552 of BEMIS CO INC (BMS)","BMS-US,BMS","EDG"," 8:44am","7-May-10"
"BEMIS CO INC files (8-K) Current report: Item 5.07 - Submission of Matters to a Vote, for period end 6-May-10 (BMS-US)","BMS-US,BMS","EDG"," 8:41am","7-May-10"
"Dir BOLTON Acquires 2,552 of BEMIS CO INC (BMS)","BMS-US,BMS","EDG"," 7:47am","7-May-10"
"Bemis elects Scott Ullem CFO; as previously planned","BMS-US","SA"," 9:12am","6-May-10"
"Bemis Company Declares Regular Quarterly Dividend","BMS-US,BMS","BW"," 9:11am","6-May-10"
"Bemis Company Elects Ullem Vice President and Chief Financial Officer","BMS-US,BMS","BW"," 9:10am","6-May-10"
"Dir WEAVER Acquires 963 of BEMIS CO INC (BMS)","BMS-US,BMS","EDG","12:41pm","4-May-10"
"Dir SCHOLLE Acquires 963 of BEMIS CO INC (BMS)","BMS-US,BMS","EDG","12:30pm","4-May-10"
"Dir PERRY Acquires 963 of BEMIS CO INC (BMS)","BMS-US,BMS","EDG","11:59am","4-May-10"
"Dir PEERCY Acquires 963 of BEMIS CO INC (BMS)","BMS-US,BMS","EDG","11:32am","4-May-10"
"Dir O Acquires 963 of BEMIS CO INC (BMS)","BMS-US,BMS","EDG","11:14am","4-May-10"
"Dir MANGANELLO Acquires 963 of BEMIS CO INC (BMS)","BMS-US,BMS","EDG","10:32am","4-May-10"
"Dir JOHNSON Acquires 963 of BEMIS CO INC (BMS)","BMS-US,BMS","EDG","10:12am","4-May-10"
"Dir HAFFNER Acquires 963 of BEMIS CO INC (BMS)","BMS-US,BMS","EDG"," 9:58am","4-May-10"
"Dir BOLTON Acquires 963 of BEMIS CO INC (BMS)","BMS-US,BMS","EDG"," 9:34am","4-May-10"
"CALLSTREET REPORT: Bemis Co., Inc.(BMS-US), Q1 2010 Earnings Call, 29-April-2010 10:00 AM ET","BMS-US","FCST"," 4:57pm","29-Apr-10"
"BEMIS CO INC files (8-K) Current report: Items 2.02 - Results of Operations, 9.01 - Financial Statements and Exhibits, for period end 29-Apr-10 (BMS-US)","BMS-US,BMS","EDG"," 5:49am","29-Apr-10"
"Bemis reports Q1 EPS $0.48 ex-items vs Reuters $0.41","BMS-US","SA"," 5:12am","29-Apr-10"
"Bemis Company Reports 2010 First Quarter Results","BMS-US,BMS","BW"," 5:00am","29-Apr-10"
"Bemis Company Reports 2010 First Quarter Results","BMS-US","FFR"," 9:00pm","28-Apr-10"
"SEC release:  BEMIS CO INC replies to SEC correspondence (CORRESP) - filed Apr 26, 2010 (BMS-US)","BMS-US,BMS","EDG","12:58pm","26-Apr-10"
"Chmn CURLER Gifts 3,500 of BEMIS CO INC (BMS)","BMS-US,BMS","EDG"," 7:15am","21-Apr-10"
"Bemis Co., Inc.(BMS-US) Schedules Q1 2010 Earnings Release for 29-April-2010 Before Market Open ET","BMS-US","FCST","12:39pm","12-Apr-10"
"Bemis Co., Inc.(BMS-US) Schedules Q1 2010 Earnings Call for 29-April-2010 10:00 AM ET","BMS-US","FCST","12:39pm","12-Apr-10"
"Bemis Co., Inc.(BMS) Schedules Annual General Meeting for 6-May-2010 10:00 AM ET","BMS-US","FCST"," 8:47am","26-Mar-10"
"BEMIS CO INC files (DEF 14A) Definitive proxy statements, for period end 6-May-10 (BMS-US)","BMS-US,BMS","EDG"," 7:00am","18-Mar-10"
"Dixie Toga SA agreed to acquire American Plast SAIC","DXTG4-BR,BMS-US,A...","FFW"," 2:35am","17-Mar-10"
"Chmn CURLER Acquires 40,864 of BEMIS CO INC (BMS)","BMS-US,BMS","EDG"," 8:27am","16-Mar-10"
"SVP SEASHORE Acquires 2,462 of BEMIS CO INC (BMS)","BMS-US,BMS","EDG"," 8:52am","15-Mar-10"
"BEMIS CO INC files (CT ORDER) Confidential treatment order by SEC (BMS-US)","BMS-US,BMS","EDG"," 8:23am","12-Mar-10"
"Axinn Veltrop & Harkrider Serves as Primary Antitrust Counsel for Bemis Company's $1.2 Billion Acquisition of Alcan Packaging Food Americas","RIO-GB,RIO-AU,BMS...","BW"," 1:38pm","1-Mar-10"
"BEMIS CO INC: 10-K FactSet Blackline Report for period ending 12/31/2009","BMS-US","FBLK"," 9:52am","1-Mar-10"
"BEMIS CO INC files (10-K) Basic annual filing, for period end 31-Dec-09 (BMS-US)","BMS-US,BMS","EDG"," 9:51am","1-Mar-10"
"BEMIS CO INC files (8-K) Current report: Items 1.01 - Entry into Definitive Agreement, 2.01 - Acquisitions or Disposal of Assets, 7.01 - Regulation FD, 8.01 - Other Events, 9.01 - Financial Statements and Exhibits, for period end 24-Feb-10 (BMS-US)","BMS-US,BMS","EDG"," 5:41am","1-Mar-10"
"Bemis guides full year EPS to $1.95-2.10 ex-items","BMS-US","SA"," 5:41am","1-Mar-10"
"Bemis Announces 2010 Earnings Per Share Guidance of $1.95 to $2.10","BMS-US,BMS","BW"," 5:37am","1-Mar-10"
"Bemis completes acquisition of Alcan Packing Food Americas","BMS-US,RTP","SA"," 5:36am","1-Mar-10"
"Bemis Completes Acquisition of Alcan Packaging Food Americas","RIO-GB,BMS-US,BMS...","BW"," 5:34am","1-Mar-10"
"Bemis Receives Regulatory Approval for the Alcan Packaging Food Americas Acquisition","RIO-GB,BMS-US,BMS","BW"," 2:34pm","25-Feb-10"
"Bemis provides update on regulatory review of the Alcan Packaging Food Americas acquisition","BMS-US,RTP","SA"," 3:12pm","24-Feb-10"
"Bemis Provides Update on Regulatory Review of the Alcan Packaging Food Americas Acquisition","RIO-GB,BMS-US,BMS","BW"," 3:07pm","24-Feb-10"
"DoJ requires divestitures for Bemis to proceed with acquisition of Food Americas operations of Alcan Packaging (RTP)--Bloomberg","BMS-US,RTP","SA"," 1:45pm","24-Feb-10"
"CEO THEISEN Gifts 3,879 of BEMIS CO INC (BMS)","BMS-US,BMS","EDG"," 2:34pm","19-Feb-10"
"BEMIS CO INC files (8-K) Current report: Items 5.02 - Changes in Exec Management, 8.01 - Other Events, 9.01 - Financial Statements and Exhibits, for period end 4-Feb-10 (BMS-US)","BMS-US,BMS","EDG"," 1:27pm","8-Feb-10"
"Bemis Company Elects Fliss Vice President of Human Resources","BMS-US,BMS","BW"," 9:46am","4-Feb-10"
"Bemis CFO Gene Wulf will step down on 6-May","BMS-US","SA"," 9:43am","4-Feb-10"
"Bemis increases quarterly dividend by 2.2% to $0.23 from $0.225","BMS-US","SA"," 9:38am","4-Feb-10"
"Bemis Announces 27th Consecutive Annual Cash Dividend Increase and Approves CFO Succession Plan","BMS-US,BMS","BW"," 9:37am","4-Feb-10"
"BEMIS CO INC files (SC 13G) Acquisition of beneficial ownership of 5% or more (BMS-US)","BMS-US,BMS","EDG","11:13am","29-Jan-10"
"CALLSTREET REPORT: Bemis Co., Inc.(BMS-US), Q4 2009 Earnings Call, 28-January-2010 10:00 AM ET","BMS-US","FCST"," 2:39pm","28-Jan-10"
"BEMIS CO INC files (8-K) Current report: Items 2.02 - Results of Operations, 9.01 - Financial Statements and Exhibits, for period end 28-Jan-10 (BMS-US)","BMS-US,BMS","EDG"," 6:15am","28-Jan-10"
"Bemis reports Q4 EPS $0.45 ex-items vs guidance of $0.40-0.45 ex-items","BMS-US","SA"," 5:08am","28-Jan-10"
"Bemis Company Reports 2009 Fourth Quarter and Year End Results","BMS-US,BMS","BW"," 5:00am","28-Jan-10"
"Dir WEAVER Buys 3,013 of BEMIS CO INC (BMS)","BMS-US,BMS","EDG"," 8:30am","19-Jan-10"
"Dir PEERCY Buys 1,256 of BEMIS CO INC (BMS)","BMS-US,BMS","EDG"," 8:19am","19-Jan-10"
"Dir O Buys 2,511 of BEMIS CO INC (BMS)","BMS-US,BMS","EDG"," 7:58am","19-Jan-10"
"Dir MANGANELLO Buys 2,511 of BEMIS CO INC (BMS)","BMS-US,BMS","EDG"," 7:06am","19-Jan-10"
"Chmn CURLER Gifts 7,650 of BEMIS CO INC (BMS)","BMS-US,BMS","EDG","11:55am","8-Jan-10"
"Bemis Co., Inc.(BMS-US) Schedules Q4 2009 Earnings Call for 28-January-2010 10:00 AM ET","BMS-US","FCST"," 5:05am","8-Jan-10"
"Bemis Co., Inc.(BMS-US) Schedules Q4 2009 Earnings Release for 28-January-2010 Before Market Open ET","BMS-US","FCST"," 3:53pm","7-Jan-10"
"VP FLISS -Initial Statement of Ownership of BEMIS CO INC (BMS)","BMS-US,BMS","EDG","12:47pm","5-Jan-10"
"SVP WULF Acquires 23,051 of BEMIS CO INC (BMS)","BMS-US,BMS","EDG","11:32am","5-Jan-10"
"VP ULLEM Updates Ownership of BEMIS CO INC (BMS)","BMS-US,BMS","EDG","11:11am","5-Jan-10"
"CEO THEISEN Acquires 29,098 of BEMIS CO INC (BMS)","BMS-US,BMS","EDG","10:54am","5-Jan-10"
"Officer SEIFERT Acquires 12,943 of BEMIS CO INC (BMS)","BMS-US,BMS","EDG","10:30am","5-Jan-10"
"VP SEASHORE Acquires 15,853 of BEMIS CO INC (BMS)","BMS-US,BMS","EDG"," 9:52am","5-Jan-10"
"VP RANSOM Acquires 14,259 of BEMIS CO INC (BMS)","BMS-US,BMS","EDG"," 9:33am","5-Jan-10"
"VP MILLER Acquires 7,021 of BEMIS CO INC (BMS)","BMS-US,BMS","EDG"," 8:59am","5-Jan-10"
"VP JAFFY Acquires 12,102 of BEMIS CO INC (BMS)","BMS-US,BMS","EDG"," 8:45am","5-Jan-10"
"VP HAWTHORNE Acquires 16,143 of BEMIS CO INC (BMS)","BMS-US,BMS","EDG"," 8:28am","5-Jan-10"
"VP AUSTEN Acquires 40,501 of BEMIS CO INC (BMS)","BMS-US,BMS","EDG"," 8:11am","5-Jan-10"
"Chmn CURLER Acquires 73,176 of BEMIS CO INC (BMS)","BMS-US,BMS","EDG"," 7:40am","5-Jan-10"
"VP JAFFY Acquires 1,593 of BEMIS CO INC (BMS)","BMS-US,BMS","EDG"," 1:05pm","30-Dec-09"
"SVP WULF Acquires 2,987 of BEMIS CO INC (BMS)","BMS-US,BMS","EDG"," 8:32am","30-Dec-09"
"BEMIS CO INC files (8-K) Current report: Items 8.01 - Other Events, 9.01 - Financial Statements and Exhibits, for period end 29-Dec-09 (BMS-US)","BMS-US,BMS","EDG"," 1:23pm","29-Dec-09"
"Bemis provides update on status of pending Alcan Packaging Food Americas acquisition","BMS-US,RTP","SA"," 5:03am","29-Dec-09"
"Dir BOLTON Acquires 4,740 of BEMIS CO INC (BMS)","BMS-US,BMS","EDG","12:58pm","22-Dec-09"
"Bemis added to the Top Picks Live list at Citi","BMS-US","SA"," 3:56am","2-Dec-09"
"Chmn CURLER Acquires 14,058 of BEMIS CO INC (BMS)","BMS-US,BMS","EDG","11:38am","1-Dec-09"
"VP SEASHORE Acquires 3,554 of BEMIS CO INC (BMS)","BMS-US,BMS","EDG"," 9:30am","30-Nov-09"
"BEMIS CO INC files (CT ORDER) Confidential treatment order by SEC (BMS-US)","BMS-US,BMS","EDG","10:40am","27-Nov-09"
"Bemis Co., Inc.(BMS) Schedules Longbow Research Paper Packaging & Chemicals Investor Conference for 12-November-2009 10:30 AM ET","BMS-US","FCST"," 2:24pm","11-Nov-09"
"BEMIS CO INC files (10-Q) Basic quarterly filing, for period end 30-Sep-09 (BMS-US)","BMS-US,BMS","EDG","12:51pm","9-Nov-09"
"BEMIS CO INC: 10-Q FactSet Blackline Report for period ending 9/30/2009","BMS-US","FBLK","12:51pm","9-Nov-09"
"VP SEASHORE Buys 5,000 of BEMIS CO INC (BMS)","BMS-US,BMS","EDG"," 1:00pm","30-Oct-09"
"Bemis upgraded to neutral from underperform at Macquarie Research - wires","BMS-US","SA"," 5:30am","28-Oct-09"
"CALLSTREET REPORT: Bemis Co., Inc.(BMS-US), Q3 2009 Earnings Call, 27-October-2009 10:00 AM ET","BMS-US","FCST"," 2:37pm","27-Oct-09"
"BEMIS CO INC files (8-K) Current report: Items 2.02 - Results of Operations, 9.01 - Financial Statements and Exhibits, for period end 27-Oct-09 (BMS-US)","BMS-US,BMS","EDG"," 6:25am","27-Oct-09"
"Bemis reports Q3 EPS $0.48 ex-items, unclear if comparable to Reuters $0.39","BMS-US","SA"," 5:02am","27-Oct-09"
"Chmn CURLER Updates Ownership of BEMIS CO INC (BMS)","BMS-US,BMS","EDG"," 1:28pm","30-Sep-09"
"Bemis Co., Inc.(BMS-US) Schedules Q3 2009 Earnings Call for 27-October-2009 10:00 AM ET","BMS-US","FCST","11:03am","30-Sep-09"
"Bemis Co., Inc.(BMS-US) Schedules Q3 2009 Earnings Release for 27-October-2009 Before Market Open ET","BMS-US","FCST"," 8:49am","25-Sep-09"
"BEMIS CO INC files (8-K) Current report: Items 8.01 - Other Events, 9.01 - Financial Statements and Exhibits, for period end 16-Sep-09 (BMS-US)","BMS-US,BMS","EDG","11:58am","21-Sep-09"
"Bemis receives second inquiry from DOJ on Food Americas acquisition","BMS-US,RTP","SA"," 6:01am","17-Sep-09"
"Bemis Co., Inc.(BMS) Schedules JP Morgan Diversified Industries Conference for 16-September-2009 3:45 PM ET","BMS-US","FCST"," 8:11am","9-Sep-09"
"Bemis Company, Inc. / The Service Employees International Union (SEIU) - Activism Against a Merger Campaign Announced","BMS-US","FSWA"," 3:21pm","19-Aug-09"
"Dir MANGANELLO Buys 5,000 of BEMIS CO INC (BMS)","BMS-US,BMS","EDG"," 7:34am","18-Aug-09"
"BEMIS CO INC: 10-Q FactSet Blackline Report for period ending 6/30/2009","BMS-US","FBLK","12:45pm","10-Aug-09"
"BEMIS CO INC files (10-Q) Basic quarterly filing, for period end 30-Jun-09 (BMS-US)","BMS-US,BMS","EDG","12:44pm","10-Aug-09"
"BEMIS CO INC files (8-K) Current report: Items 1.01 - Entry into Definitive Agreement, 1.02 - Termination of Definitive Agreement, for period end 29-Jul-09 (BMS-US)","BMS-US,BMS","EDG"," 1:23pm","31-Jul-09"
"BEMIS CO INC files (8-K) Current report: Items 1.01 - Entry into Definitive Agreement, 8.01 - Other Events, 9.01 - Financial Statements and Exhibits, for period end 22-Jul-09 (BMS-US)","BMS-US,BMS","EDG"," 1:08pm","28-Jul-09"
"BEMIS CO INC files (8-K) Current report: Items 1.01 - Entry into Definitive Agreement, 9.01 - Financial Statements and Exhibits, for period end 20-Jul-09 (BMS-US)","BMS-US,BMS","EDG","12:45pm","24-Jul-09"
"BEMIS CO INC files (424B2) Prospectus for a primary offering on a delayed basis (BMS-US)","BMS-US,BMS","EDG"," 2:29pm","23-Jul-09"
"Bemis 7.7M share secondary priced at $26 a share through BAS-ML, JPMorgan and Wells Fargo - Dow Jones","BMS-US","SA"," 3:11pm","22-Jul-09"
"BEMIS CO INC files (424B2) Prospectus for a primary offering on a delayed basis (BMS-US)","BMS-US,BMS","EDG"," 1:07pm","22-Jul-09"
"BEMIS CO INC files (FWP) Free writing prospectus after a registration statement has been filed (BMS-US)","BMS-US,BMS","EDG"," 2:13pm","21-Jul-09"
"BEMIS CO INC files (424B2) Prospectus for a primary offering on a delayed basis (BMS-US)","BMS-US,BMS","EDG"," 1:09pm","20-Jul-09"
"Bemis announces 7.5M shares secondary through Bank of America, JP Morgan and Wells Fargo","BMS-US","SA"," 1:02pm","20-Jul-09"
"CALLSTREET REPORT: Bemis Co., Inc.(BMS-US), Q2 2009 Earnings Call, 17-July-2009 10:00 AM ET","BMS-US","FCST"," 8:53am","20-Jul-09"
"BEMIS CO INC files (424B2) Prospectus for a primary offering on a delayed basis (BMS-US)","BMS-US,BMS","EDG"," 7:31am","20-Jul-09"
"Bemis files mixed shelf of indeterminate amount","BMS-US","SA"," 5:38am","20-Jul-09"
"BEMIS CO INC files (S-3ASR) Automatic shelf registration of seasoned issuers (BMS-US)","BMS-US,BMS","EDG"," 5:37am","20-Jul-09"
"BEMIS CO INC files (8-K) Current report: Items 8.01 - Other Events, 9.01 - Financial Statements and Exhibits, for period end 20-Jul-09 (BMS-US)","BMS-US,BMS","EDG"," 4:00am","20-Jul-09"
"BEMIS CO INC files (8-K) Current report: Items 8.01 - Other Events, 9.01 - Financial Statements and Exhibits, for period end 20-Jul-09 (BMS-US)","BMS-US,BMS","EDG"," 3:57am","20-Jul-09"
"CORRECTED TRANSCRIPT: Bemis Co., Inc.(BMS-US), Q2 2009 Earnings Call, 17-July-2009 10:00 AM ET","BMS-US","FCST"," 2:09pm","17-Jul-09"
"BEMIS CO INC files (8-K) Current report: Items 2.02 - Results of Operations, 9.01 - Financial Statements and Exhibits, for period end 17-Jul-09 (BMS-US)","BMS-US,BMS","EDG"," 5:47am","17-Jul-09"
"Bemis reports Q2 EPS $0.47 vs preannounced $0.47","BMS-US","SA"," 5:03am","17-Jul-09"
"BEMIS CO INC files (8-A12B/A) Registration of certain classes of securities (BMS-US)","BMS-US,BMS","EDG","11:01am","16-Jul-09"
"BEMIS CO INC files (8-K) Current report: Items 2.02 - Results of Operations, 9.01 - Financial Statements and Exhibits, for period end 15-Jul-09 (BMS-US)","BMS-US,BMS","EDG"," 7:19am","15-Jul-09"
"Bemis guides full year EPS to $1.68-1.75 vs prior $1.50-1.70 and Reuters $1.59","BMS-US","SA"," 5:02am","15-Jul-09"
"BEMIS CO INC files (8-K) Current report: Items 1.01 - Entry into Definitive Agreement, 2.03 - Off-Balance Sheet Arrangements, 3.03 - Changes to Security Holder Rights, 9.01 - Financial Statements and Exhibits, for period end 5-Jul-09 (BMS-US)","BMS-US,BMS","EDG"," 2:13pm","9-Jul-09"
"Bemis Co., Inc.(BMS-US) Schedules Q2 2009 Earnings Release for 17-July-2009 Before Market Open ET","BMS-US","FCST","11:29am","8-Jul-09"
"Bemis Co., Inc.(BMS-US) Schedules Q2 2009 Earnings Call for 17-July-2009 10:00 AM ET","BMS-US","FCST","11:29am","8-Jul-09"
"CORRECTED TRANSCRIPT: Bemis Co., Inc.(BMS-US), Acquisition of Food Americas Operations of Alcan Packaging by Bemis Company, Inc. Call, 6-July-2009 10:00 AM ET","BMS-US","FCST","11:47am","6-Jul-09"
"Bemis Co Inc agreed to acquire Alcan Packaging /America Food Packaing Business/ from Rio Tinto Plc","RIO-GB,BMS-US,06H...","FFW"," 9:55am","6-Jul-09"
"BEMIS CO INC files (8-K) Current report: Items 8.01 - Other Events, 9.01 - Financial Statements and Exhibits, for period end 5-Jul-09 (BMS-US)","BMS-US,BMS","EDG"," 6:43am","6-Jul-09"
"Bemis Co., Inc.(BMS-US) Schedules Acquisition of Food Americas Operations of Alcan Packaging by Bemis Company, Inc. Call for 6-July-2009 10:00 AM ET","BMS-US","FCST"," 5:09am","6-Jul-09"
"Dir PEERCY Acquires 1,684 of BEMIS CO INC (BMS)","BMS-US,BMS","EDG"," 1:47pm","19-Jun-09"
"Bemis Co Inc agreed to acquire Huhtamaki Oyj /South America Rigid Packaging Operations/ from Huhtamäki Oyj","HUH1V-FI,BMS-US,0...","FFW"," 7:55am","3-Jun-09"
"Bemis acquires South American Rigid Packaging operations from Huhtamaki","BMS-US","SA"," 4:04am","3-Jun-09"
"BEMIS CO INC: 10-Q FactSet Blackline Report for period ending 3/31/2009","BMS-US","FBLK"," 6:45am","11-May-09"
"BEMIS CO INC files (10-Q) Basic quarterly filing, for period end 31-Mar-09 (BMS-US)","BMS-US,BMS","EDG"," 6:44am","11-May-09"
"Dir WEAVER Acquires 1,974 of BEMIS CO INC (BMS)","BMS-US,BMS","EDG","12:30pm","8-May-09"
"Dir VAN Acquires 1,974 of BEMIS CO INC (BMS)","BMS-US,BMS","EDG","12:17pm","8-May-09"
"Dir SCHOLLE Acquires 1,974 of BEMIS CO INC (BMS)","BMS-US,BMS","EDG","10:42am","8-May-09"
"Dir PERRY Acquires 1,974 of BEMIS CO INC (BMS)","BMS-US,BMS","EDG","10:30am","8-May-09"
"Dir PEERCY Acquires 1,974 of BEMIS CO INC (BMS)","BMS-US,BMS","EDG"," 9:41am","8-May-09"
"Dir O Acquires 1,974 of BEMIS CO INC (BMS)","BMS-US,BMS","EDG"," 9:20am","8-May-09"
"Dir MANGANELLO Acquires 1,974 of BEMIS CO INC (BMS)","BMS-US,BMS","EDG"," 9:01am","8-May-09"
"Dir JOHNSON Acquires 1,974 of BEMIS CO INC (BMS)","BMS-US,BMS","EDG"," 8:46am","8-May-09"
"Dir HAFFNER Acquires 1,974 of BEMIS CO INC (BMS)","BMS-US,BMS","EDG"," 8:19am","8-May-09"
"Dir BOLTON Acquires 1,974 of BEMIS CO INC (BMS)","BMS-US,BMS","EDG"," 7:55am","8-May-09"
"Dir PERRY Acquires 797 of BEMIS CO INC (BMS)","BMS-US,BMS","EDG","11:36am","6-May-09"
"Dir O Acquires 797 of BEMIS CO INC (BMS)","BMS-US,BMS","EDG"," 9:49am","5-May-09"
"Dir WEAVER Acquires 797 of BEMIS CO INC (BMS)","BMS-US,BMS","EDG"," 9:24am","5-May-09"
"Dir SCHOLLE Acquires 797 of BEMIS CO INC (BMS)","BMS-US,BMS","EDG"," 9:10am","5-May-09"
"Dir PEERCY Acquires 797 of BEMIS CO INC (BMS)","BMS-US,BMS","EDG"," 8:51am","5-May-09"
"Dir MANGANELLO Acquires 797 of BEMIS CO INC (BMS)","BMS-US,BMS","EDG"," 8:28am","5-May-09"
"Dir JOHNSON Acquires 797 of BEMIS CO INC (BMS)","BMS-US,BMS","EDG"," 8:10am","5-May-09"
"Dir HAFFNER Acquires 797 of BEMIS CO INC (BMS)","BMS-US,BMS","EDG"," 7:45am","5-May-09"
"Dir BOLTON Acquires 797 of BEMIS CO INC (BMS)","BMS-US,BMS","EDG"," 7:30am","5-May-09"
"CALLSTREET REPORT: Bemis Co., Inc.(BMS-US), Q1 2009 Earnings Call, 28-April-2009 10:00 AM ET","BMS-US","FCST"," 5:05pm","28-Apr-09"
"BEMIS CO INC files (8-K) Current report: Items 2.02 - Results of Operations, 9.01 - Financial Statements and Exhibits, for period end 28-Apr-09 (BMS-US)","BMS-US,BMS","EDG"," 6:10am","28-Apr-09"
"Bemis reports Q1 EPS $0.43 ex-items vs Reuters $0.34","BMS-US,RIO-US","SA"," 5:03am","28-Apr-09"
"Bemis Co., Inc.(BMS-US) Schedules Q1 2009 Earnings Call for 28-April-2009 10:00 AM ET","BMS-US","FCST"," 5:37pm","4-Apr-09"
"Bemis Co., Inc.(BMS-US) Schedules Q1 2009 Earnings Release for 28-April-2009 Before Market Open ET","BMS-US","FCST","11:23am","3-Apr-09"
"BEMIS CO INC - ANNUAL report for 2008 (ENGLISH).","BMS-US","FFR"," 7:10am","18-Mar-09"
"BEMIS CO INC files (DEF 14A) Definitive proxy statements, for period end 7-May-09 (BMS-US)","BMS-US,BMS","EDG","10:46am","17-Mar-09"
"CEO THEISEN Gifts 2,421 of BEMIS CO INC (BMS)","BMS-US,BMS","EDG"," 8:14am","2-Mar-09"
"BEMIS CO INC: 10-K FactSet Blackline Report for period ending 12/31/2008","BMS-US","FBLK"," 8:34am","27-Feb-09"
"BEMIS CO INC files (10-K) Basic annual filing, for period end 31-Dec-08 (BMS-US)","BMS-US,BMS","EDG"," 8:33am","27-Feb-09"
"BEMIS CO INC files (SC 13G/A) Acquisition of beneficial ownership of 5% or more (Amended) (BMS-US)","BMS-US,BMS","EDG"," 9:11am","13-Feb-09"
"Bemis increases quarterly dividend by 2.3% to $0.225 from $0.22","BMS-US","SA"," 9:32am","29-Jan-09"
"CALLSTREET REPORT: Bemis Co., Inc.(BMS), Q4 2008 Earnings Call, 27-January-2009 10:00 AM ET","BMS-US","FCST"," 2:29pm","27-Jan-09"
"BEMIS CO INC files (8-K) Current report: Items 2.02 - Results of Operations, 9.01 - Financial Statements and Exhibits, for period end 27-Jan-09 (BMS-US)","BMS-US,BMS","EDG"," 6:00am","27-Jan-09"
"Bemis reports Q4 EPS $0.33 vs guidance of $0.30-$0.33 and Reuters $0.31","BMS-US","SA"," 5:02am","27-Jan-09"
"Dir WEAVER Buys 1,299 of BEMIS CO INC (BMS)","BMS-US,BMS","EDG"," 8:48am","16-Jan-09"
"Dir PEERCY Buys 1,407 of BEMIS CO INC (BMS)","BMS-US,BMS","EDG"," 8:14am","16-Jan-09"
"Dir O Buys 2,814 of BEMIS CO INC (BMS)","BMS-US,BMS","EDG"," 7:57am","16-Jan-09"
"Dir MANGANELLO Buys 3,031 of BEMIS CO INC (BMS)","BMS-US,BMS","EDG"," 7:07am","16-Jan-09"
"Chmn CURLER Gifts 8,400 of BEMIS CO INC (BMS)","BMS-US,BMS","EDG"," 2:20pm","15-Jan-09"
"VP ULLEM Updates Ownership of BEMIS CO INC (BMS)","BMS-US,BMS","EDG","12:12pm","15-Jan-09"
"VP RANSOM Updates Ownership of BEMIS CO INC (BMS)","BMS-US,BMS","EDG","11:08am","15-Jan-09"
"VP HAWTHORNE Updates Ownership of BEMIS CO INC (BMS)","BMS-US,BMS","EDG"," 9:54am","15-Jan-09"
"VP MILLER Updates Ownership of BEMIS CO INC (BMS)","BMS-US,BMS","EDG"," 2:20pm","14-Jan-09"
"VP JAFFY Updates Ownership of BEMIS CO INC (BMS)","BMS-US,BMS","EDG"," 1:56pm","14-Jan-09"
"VP SEASHORE Updates Ownership of BEMIS CO INC (BMS)","BMS-US,BMS","EDG"," 1:28pm","14-Jan-09"
"Officer SEIFERT Updates Ownership of BEMIS CO INC (BMS)","BMS-US,BMS","EDG","12:48pm","14-Jan-09"
"CEO THEISEN Updates Ownership of BEMIS CO INC (BMS)","BMS-US,BMS","EDG","12:17pm","14-Jan-09"
"SVP WULF Updates Ownership of BEMIS CO INC (BMS)","BMS-US,BMS","EDG","12:11pm","14-Jan-09"
"VP AUSTEN Updates Ownership of BEMIS CO INC (BMS)","BMS-US,BMS","EDG","11:57am","14-Jan-09"
"BEMIS CO INC files (8-K) Current report: Items 2.02 - Results of Operations, 9.01 - Financial Statements and Exhibits, for period end 8-Jan-09 (BMS-US)","BMS-US,BMS","EDG"," 9:06am","8-Jan-09"
"Bemis Co., Inc.(BMS) Schedules Q4 2008 Earnings Release for 27-January-2009 Before Market Open ET","BMS-US","FCST"," 5:33am","8-Jan-09"
"Bemis Co., Inc.(BMS) Schedules Q4 2008 Earnings Call for 27-January-2009 10:00 AM ET","BMS-US","FCST"," 5:33am","8-Jan-09"
"Bemis guides Q4 EPS to $0.30-0.33, based on calculations vs prior $0.40-0.44 and Reuters $0.42","BMS-US","SA"," 5:05am","8-Jan-09"
"VP MILLER Acquires 5,308 of BEMIS CO INC (BMS)","BMS-US,BMS","EDG","10:32am","5-Jan-09"
"Officer SEIFERT Acquires 8,655 of BEMIS CO INC (BMS)","BMS-US,BMS","EDG","10:17am","5-Jan-09"
"VP JAFFY Acquires 10,499 of BEMIS CO INC (BMS)","BMS-US,BMS","EDG"," 9:53am","5-Jan-09"
"VP SEASHORE Acquires 14,427 of BEMIS CO INC (BMS)","BMS-US,BMS","EDG"," 9:36am","5-Jan-09"
"SVP WULF Acquires 21,107 of BEMIS CO INC (BMS)","BMS-US,BMS","EDG"," 9:22am","5-Jan-09"
"CEO THEISEN Acquires 27,647 of BEMIS CO INC (BMS)","BMS-US,BMS","EDG"," 9:04am","5-Jan-09"
"Chmn CURLER Acquires 63,999 of BEMIS CO INC (BMS)","BMS-US,BMS","EDG"," 8:40am","5-Jan-09"
